كونوا عاملين بالكلمة,,Education
Ra7ala,شركة سياحة,Cruise Agency
Karim Gergawi,"I hope you like my page & make share for it
Thankyou for visiting my page
",Music Video
2013صور تخرج دفعة الفرقة الرابعة نظم,صور تخرج دفعة الفرقة الرابعة نظم ,Author
Smart Vision,"Gathering all the talented people.....                        
soon...�",Arts & Entertainment
Virtuality,The latest news and videos on  virtual reality and augmented reality.,Publisher
Doner Konner,"Doner konner - Doner Kebab, doner kebab Egypt, Doner Kebab sandwich german donner kebab




",Fast Food Restaurant
IMT School,This is a place in which you practice technology. “Do it yourself” is our slogan. The Embedded diploma is supervised by the ITI ES department Manager.,Education
Artilady,"Lovely handmade Jewellery made of natural stone with customized colour and size.
Make this product a unique and personalized gift! 
Just call us on this number: +20 112 4884262",Jewelry/Watches
Princess,ملابس بناتي وشبابي مختلفة ومتميزة,Clothing (Brand)
Life in Christ - الحياة في المسيح,نحن هنا لدعم قصص حياة المسيحيين حول #العائلة #الكنيسة #الحياة اليومية. تواصل معنا مباشرة يوميا من 10ص :12 م،ننتظر رسائلك,Community
Dress For Less,"Congratulations, Your Dream is Coming True :) you are getting Married, Then it is Time to save? Dress For Less have all of your bridal wedding needs. ",Women's Clothing Store
Baloshy,online shopping company ,Shopping & Retail
Dream Catcher,,Clothing (Brand)
Fuze Communications,"Marketing Communication Services, Events Management and Production, Website Design and Development, Graphic Design, Printings, Production and Investments",Investing Service
Spirit Riding Free,"The official Facebook page for DreamWorks Animation's Spirit, including both SPIRIT: STALLION OF THE CIMARRON & SPIRIT RIDING FREE",TV Show
Al masry textile المصرى للأقمشة,,Local Business
Ay 7aga,"#Ay7aga 
BEST PRICE & BEST QUALITY 
#أي_حاجة 
أحسن سعر و أفضل جودة",Product/Service
Ehab Ishak Designs,"Providing timeless designs, Start from the outside and work their way in,
To creating a flowing design.",Interior Design Studio
SPARK Ventures,Creating a generation of change makers and enlightened leaders.,Organization
Ali Ghozlan - على غزلان,"Doctor | stand-up comedian | influencer .

For business : ali.ghozlan0@gmail.com",Public Figure
زاوية ٣٦٠,,Website
برج العقرب,لاأنجّم ولاأتنبأ بالمستقبل مجرد تحليل شخصيات ♡  ♡,Community
Blue Bus Egypt,Transportation services,Travel Company
McDonald's,أهلا بكم على صفحة ماكدونالدز مصر الرسمية,Fast Food Restaurant
Mohamed Aamer,,Actor
Espitalia - الاسبتالية,شوية طب على قدّنا ومابنكتبش روشتات,Health & Wellness Website
Dorra Zarrouk,"Dorra Zarrouk Tunisian Actress performing in Egypt, Middle East & world. 
http://instagram.com/dorra_zarrouk",Artist
Ballerinas of Cairo,"Ballerinas of Cairo bringing Cairo's dance and photography communities together...

Tag #ballerinasofcairo",Performance Art
Plαisir .,"Plaisir non partagé n'est plaisir qu'à moitié , :)",Blogger
سهلة 1.2.3,,Community
dmc TV,"قناة dmc
شاهد برامجنا
goo.gl/Cw2uYb
شاهد البث المباشر 
https://goo.gl/1Y4LWZ ",TV Channel
Blossom,100% original content to spark inspiration for your most creative self! Blossom is a part of First Media.,Publisher
STORYTELD,"Stories told, one at a time.",Media/News Company
Wyld Grass,Wyld Grass is the definitive destination for those who want to build their own healthy living success story with simple ways to live well.,Health/Beauty
Source,"Welcome to source official page.

For all girls and ladies out there, Here are a tremendous, passionate and elegant Shoes, Slippers, Heels, Sandals and Bags store with a scent of uniqueness and variety of collections for all styles.",Product/Service
BONBON,"Heliopolis : 86 Osman Ibn Affan St. ,        Triumph Sq.
Women's Wear
Tel.: 02/27764127",Clothing (Brand)
Engineering Internships,"Internships, Scholarships, Contests, and much more by EduInfo. Checkout: www.eduinfo.asia.",Education Website
Panda,We are a panda image agency and receive branding and branding as you can contact us and place ads for your business through the following email address. Please contact us and let us have a chance to support your business,Pet
Azbakeya Delivery,"Azbakeya Delivery online bookstore , order now and have your books delivered at doorstep …",Bookstore
Meraki Portrait Gifting,"Meraki-greek word signifying putting a piece of yourself into your work. This is the essence of Meraki Portrait Gifting. Don't miss out, and order now! ",Arts & Entertainment
Deutschkurs - كورس الــمــــانى,مش مجرد كورس المـــــانى أنت هتتعلم القواعد - انت هتتكلم المانى,Website
تعالوا نعرف,سلسلة تعالوا نعرف بتقدم معلومات مسيحية ، بنقدمها ليكم فى شكل جديد ممتع وجميل,Community
Sally Mouneer Couture,"Couture dresses by designer Sally Mouneer; an academic fashion designer based in Cairo. 
Line includes: wedding gowns, evening gowns, prom dresses, cocktail dresses and veiled dresses. ",Fashion Designer
Engezni - انجزني,انجزني صفحة لأكتشاف احسن اكلات ومطاعم مصر ومكان تشارك فيه خبراتك في الاكل,Community
InPixio,"InPixio develops and edits Photo Software for PC and mobile devices.
Our guideline is: we love photos!",Software
Testing Geeks,Testing Geeks is an Egyptian community founded in 2016 by Sameh EL Nabawy ,Education
Ophir أوفير,أوفير دار نشر مسيحية، تطمح لأن تحيي ثقافة القراءة في العالم العربيِ من خلال توفير مجموعة متكاملة من أفضل الكتب العربية,Publisher
Charging Life,"“Don’t ask what the world needs. Ask what makes you come alive, and go do it. Because what the world needs is people who have come alive.” ~ Howard Thurman ",Organization
Bassem Youssef,"The official page of Dr. Bassem Youssef
الصفحة الرسمية للدكتور/باسم يوسف",Public Figure
Mother Teresa,,Community
تخفيضات القاهرة Cairo Sale,"جولات بالصور الحية تنقل لكم العروض و التخفيضات في أي مول أو هايبر ماركت أو محل في القاهرة
عروض-تخفيضات
http://www.cairosale.net/",Website
Eshtry Fel SALE,"#eshrty_ fel_sale page for the perfect sale and the worst  حتعرف منو الاسعار الحلوة و العروض الممتازة فى المحلات و المولات و كمان حتعرف السيل الفاكس 
 ",Product/Service
Salma fashion,"Salma fashion is a women clothes boutique ,we seek to select unique pieces and offer a variety of beautiful and high-end fashion",Clothing Store
Edfa3ly.com,Your Online Shopping Friend in Egypt,Website
TED,,News & Media Website
JJsHouse.com,"JJ’s House is the global leading online retailer for wedding gowns, special event dresses, wedding party dresses, and accessories.
Online Only. ",Clothing (Brand)
MasterClass,"Learn from the world's best. Online classes taught by Serena Williams, Aaron Sorkin, Gordon Ramsay, Shonda Rhimes, deadmau5, Hans Zimmer, and more.",Education
Just Pure,"'Just Pure' products are natural,100% free of chemicals and preservatives.

Go Green when choosing what to apply on your hair and skin.",Health/Beauty
DOT Weddings,We are a team of Professional wedding photographers,Photographer
Dukan Elخِrdwaty,احنا اونلاين ستور معندناش منتج معين بس هنعرض و نبيع منتجات مختلفة بأسعار مناسبة و كمان لو في حاجة معينة محتاجها اطلبها مننا و هتلاقيها . ,Product/Service
The Dodo,For animal people. ,Media/News Company
Gashma - Renting Bikes,"Gashma offers bicycles for renting from two pick-up spots: Nasr City - Behind Serag Mall and Fifth Settelment - Behind Concord Plaza.

Call or Whatsapp at 01226474600 or 01001673264 for reservations.",Bike Rental
World's Enlightenment,,Community
MeetBuzz,MeetBuzz mobile application helps you plan your outing by displaying different outing categories & offering on-spot reservation for a more enjoyable time.,Local Service
egghead.io,"High quality, concise web development screencasts. Focus on coding with expert open-source contributors.

Let’s make the web a better place. ❤️",Computers (Brand)
Inspire To Be,"‘‘Flickr&Tumblr pics, Arabic&English Quotes.’’
      ",Personal Blog
BBC Earth,"Our world is an amazing place full of stories, beauty and natural wonder.

This is a page from BBC Worldwide, trading as BBC Studios, who help fund new BBC programmes.

Become a member of our fan panel and share your views  http://tinyurl.com/FBBBCEarth",TV Channel
Carmen Abraham Realtor / Design Consultant,"Real Estate Consultant.  Home improvement & remodeling consultant, offering staging & design ideas.",Home Decor
Valeo,"Welcome to the official Facebook page of Valeo, one of the world's leading automotive suppliers.",Cars
STAR TOP LASER,,Product/Service
Rousing,A skip from reality where dreams may come true ( the photos are collected from diffrent pages) all the posts are written by one admin bodour hasheesh,Personal Blog
Laxpedia Travel,"Laxpedia travel is the market leader in the tourism field, we are expert in customer satisfaction and leasure actions, let us be your travel agent now :)",Travel Agency
Google,Organizing the world's information and making it universally accessible and useful.,Arts & Entertainment
Agazat Masr,"أجازات مصر هى أحدى الأدوات التسويقية لشركة توريكو للسياحة فى السوق المصرى والعربى
",Tour Agency
Reflecto Print Office,Printing your thoughts,Advertising/Marketing
Lovingsdresses,❤To be the most beautiful in a party a prom dress is absolutely necessary❤,Clothing (Brand)
Pentatonix,"A PENTATONIX CHRISTMAS TOUR - 2017
http://ptxofficial.com/tour

A PENTATONIX CHRISTMAS DELUXE ALBUM  (Oct 20)
http://smarturl.it/APTXmasDlxAmz

Get 'PTX VOL. IV - Classics' on Amazon Music: http://smarturl.it/PTXVol4Amz?IQid=PTX ",Musician/Band
Ballet Clássico,"O mundo do som do piano, das sapatilhas gastas, do brilho no olhar de corpos inquietos, e corações que pulsam em oito tempos. ( Lucas Splint)",Community
Scope Communications & Advertising,"Starting in 2011, Scope has established itself as an integration of highly experienced minds and hands in Marketing, Communications & Advertising.",Marketing Consultant
Transporeon Group,"TRANSPOREON, is a cloud based logistics platform which connects companies with their logistic partners. Site notice http://www.transporeon.com/en/metanavig",Transportation Service
Tarek Refaat,"Professional Musician, ABRSM Diploma Certified Pianist, Classical/Light Music Piano Performer, subscribe at http://www.youtube.com/user/TarekPianoMan
",Performing Arts
كيف اتعامل مع ذوي الاحتياجات الخاصة,"كيفية التعامل مع ذوي الاحتياجات الخاصة 
الاعاقة العقلية والتوحد ع",Teacher
Best Roots Egypt,تمتع مع بست روتس بالصيف ,Travel Agency
Travel Way,,Travel Company
Egypt- ﺭﺣﺎﻟﺔ,شركة شبابية لتنشيط السياحة الداخلية .,Travel Agency
Lynks,"Your favorite brands and stores in the US are now closer than you think. Lynks shops, ships and delivers!",Shopping Service
MordenDress.com,"    MordenDress. For you morden life, There are wonderful prom dresses, wedding dresses, and other kinds of dresses, Your reliable shooping channel.",Clothing (Brand)
Color Shop - كلر شوب,مناسباتك مختلفه معانا لأننا هنهتم بكل تفاصيل المناسبة من أول التنظيم واللبس والديكور والاكسيسوري، لحد الهدايا اللي ممكن تتقدم في أي مناسبة,Gift Shop
Kotlin,,Education
ألعاب مطاطية,,Games/Toys
3mo santa,"هذه الصفحة تابعة لفريق القديس نيقولاوس لمسرح العرائس 
كنيسة مارمرقس بشبرا
للاستعلام / 01285799860 - 01030230440",Event Planner
Kotlin Developers,,Community
Kotlin fans,Statically typed programming language for modern multiplatform applications. 100% interoperable with Java™ and Android™. Try Kotlin Now official on Android,Community
buseet,Commuter Bus Platform,Product/Service
Electrical engineering books,"our page is the first page in facebook for Electrical Power Engineers books & videos.We R The Original
www.elecgate.com is our official site 

",Bookstore
Schneider Electric Egypt,Official page of the company Schneider Electric Egypt,Energy Company
Join us,,Tour Agency
بيت كرمة الوادي,"بيت كرمة الوادى للمؤتمرات و الخلوات الروحية

الحجز يعنى موافقتكم على اللائحة التنظيمية للبيت

Spiritual camps and quality time for all ages
",Religious Organization
The lan of  reviewers,"احنا الرحالة .. بنروح اي مكان فيه اكل او فسحة حلوة .. اي مكان فيه متعة و انتوا هتكونوا في قلب الحدث معانا

  ",Food & Beverage
ICroire Arab Makers,Educational and Training Services Association specialized in designing innovative Diplomat for Undergraduate and Fresh Graduate Engineers.,Educational Consultant
The Food Review,"شارك باسنت في رحلة البحث الدائم عن الأكل الجديد ،بدايًة من  أحلى مطاعم القاهرة إلى مطابخ بيوتنا. 
@CocacolaEgypt Food Ambassador. ",Food & Beverage Company
Software Engineers Community,صفحة تقنية مختصة بنشر الأمور التقنية المتعلقة ب Software ومهتمة بطلبة والخريجين من كليات الحاسبات والمعلومات ,Computer Company
Cizaro,"Specialized in denim and women's jeans.
4 branches in Cairo + shipping all-over Egypt with return and exchange policy.",Apparel Distributor
اضحك,,Book
الحب,,Book
كنيسة رئيس الملائكة الجليل ميخائيل بطوسون,"* Arch Angel Michael Church - Toson - Shoubra
* كنيسة رئيس الملائكة الجليل ميخائيل بطوسون",Religious Organization
Zein Youssef - زين يوسف,This page is managed by Zein's parents (Tamer Youssef and Radwa Moussa-Youssef) to document Zein's journey against cancer and help raise awareness,Public Figure
Hdomi / هدومي,"موقع ""هدومي""
هوه عباره عن شركة لبيع الملابس اون لأين، 
وكل ما عليك فعله هوه اختيار المنتج المناسب لك 
وابلاغنا بيه وانتظار وصوله إليك في اسرع ",Clothing (Brand)
Habibi Ya Jésus,صفحة تنشر اخبار الكنيسة ,Religious Organization
التقني أكادمي,صفحة خاصة بموقع التقني أكادمي ، تهتم بكل ما يخص التقنية و التكنولوجيا الحديثة ...,Website
Pisaji Team,"بي ساجي = الكلمة

هدف الفريق هو: ""لم تزل (كلمة) الرب تنمو وتعتز وتكثر في بيعة الرب المقدسة""
هدفنا نكمل الرسالة، هدفنا نخدم بالمواهب اللي عندنا...",Theatrical Play
NOUR Media Production,,Music Video
سك على إخواتك,,TV Show
Copying,"We want to show and define the Cultural imperialism which is The extension of the influence or dominance of one nation's culture over others in music ,food ,language ,drama and clothes as it affect us and mainly the youth , also because of the cultural im",Society & Culture Website
AndroTech,"AndroTech - كل ما يخص الأندرويد !  
جديد الهواتف - تطبيقات - العاب - طرق تهكير والمزيد
تابعنا ;)",Phone/Tablet
Gc Makeup Society,,Community
Khargny خرجني,"Khargny helps you find places you’ll love, anywhere in Egypt.
خرجني هيساعدك تلاقي مكان جديد كل خروجه ",Advertising/Marketing
TripAdvisor,Know better. Book better. Go better.,Media/News Company
DataCamp,Become a data scientist! www.DataCamp.com is an online interactive training and education platform for R & Python in data science.,Education Website
Prime Audio,"Contact Us : 01284752189 - 01288955133      ستوديو برايم اوديو - مصر الجديدة - ميدان سانت فاطيمه.      The Official Page Of  Prime Audio®  On Facebook
",Movie/Television Studio
YUP,"YUP for:
     - programming courses.
     - Web design.
     - Web development.
     - Applications.

Contact Us:
  01158786987
  01206284377
  01281481949",Computer Company
Mikel Talaat - مايكل طلعت,اكبر استوديو ف مصر لتسجيل ترانيم واغاني ��,Musician/Band
Berisca,Berisca for Integrated Marketing Solutions Agency,Social Media Agency
دعاء حسن,,Public Figure
Borj El Arab Marrakech Officiel,"BORJ EL ARAB by LE MERIDIEN N'FIS MARRAKECH est un lieu convivial 
et festif en plein BOULEVARD MOHAMED VI, qui agite les nuits MARRAKECHIS 
chaque semaine",Live Music Venue
الاقصر في عيون شبابها,,Community
Manhattan Burger,"High-Quality Charwood Grilled Burgers!
We provide a wide variety of home-made high quality beef and chicken patties & grilled hotdogs.
Delivery Available!",Burger Restaurant
Egy Deal today,"سوق كامل لاحدث الماركات و الموضة العصرية باسعار غير مسبوقة تماما خارج المنافسة و اكسسوارات.
لو حابب نساعدك ازاى تختار احنا معاك لحظة بلحظة. ",Jewelry/Watches
Just Turkish,,TV Season
Incubator,"This is the student activity at the GUC.
Vision
To prepare every student to be future inventors and researchers as the starnova lightens the sky by creating stars we aim to lighten the world  by their discoveries.
",Community Organization
لعشاق الرومانسيه ツ smile ba7bk ツ,صفحه تخص مايفيدك في حياتك اليوميه,Community
Durra Egypt,"شركة الدرة العالمية للمنتجات الغذائية
من خيرات الأرض المصرية
بخبرة الايدي السورية",Food & Beverage
Roodles,ROODLES for Event Photography & Videography - Wedding Film-Making ,Photographer
Pixi,Producers & designers for bags & shoes in style ,Bags/Luggage
Doctor Graphic, هدفنا نوصل تصميمتنا لكل الناس <3,Graphic Designer
Ahmed Abd elwahab Photography,"Ahmed Abd-elwahab , Egyptian photographer that specializer in portrait , fashion , and product photography .",Photographer
Urban Ba Rolling,,Community
Footloose Egypt,"To explore and backpack, is to set yourself free, or in other words to feel 'footloose'. We aim to organize backpacking trips, for both private and public communities, to satisfy every adventurers thirst for a unique experience.
",Travel Company
Appreciate,"We give you appreciated videos, pictures and stories you want to read, watch and share through social media.",Charity Organization
Samsung,"Welcome to the Official Samsung Egypt page where you can “like” us to engage with other Samsung fans and get the latest info on products, promotions, events & more!

Contact Us:  http://www.samsung.com/eg/support/",Electronics Company
الصفحة الرسمية للفنان محمد صبحي,"الصفحة الرسمية الوحيدة للفنان محمد صبحي
",Artist
4U فور يو للانتاج الفنى للميديا المسيحية,"فكرنا نعمل حاجه نشجع بيها كل المواهب
تشجيع فعلى بدون استغلال وبدون مقابل
الحاجه دى هى فور يو "" عشانك ""
هدفنا تشجيع كل المواهب وبدون مقابل",Music Production Studio
Piece Of Cake,"We are here for serving birthdays, baby showers, wedding ceremonies and many other memorable events to you .. 
We care to add happiness and love to your lovely events as much as we can .. 
Our products are Creative, very tasty and with perfect quality ",Kitchen/Cooking
Love Food, The most amazing food from around the world  ,Media/News Company
Happy Dolphin & Nile Lily,Happy Dolphin & Nile Lily is one of the biggest dining destinations offering a large diversity of cuisines on the Nile. ,Cafe
كمنجة_violin,"Highlights info row image
شخصية خيالية",Magazine
Tubeston,"Subscribe to our YouTube Channel: https://goo.gl/n7nJbf
Twitter: https://www.twitter.com/Tubeston
FB: https://www.facebook.com/Tubeston

Dear Fans...

Please Like Comment and Share Our Posts with others 

Your's Faithfully Tubeston.com",News & Media Website
ترانيم دوت كوم,صفحه قبطيه تستقبل جميع ترانيم من المرنمين ويتم نشرها في الصفحه لكم ,Religious Organization
Top Glory Travel - السياحة فى جورجيا,السياحة فى جورجيا - Top Glory Travel هيا شركة تختص بتقديم كل ما يحتاجه السائح العربي داخل دولة جورجيا من حجوزات فنادق وخدمات أيجار السيارات وخدمات ا,Local Business
Screenshot,"للااعلاناات كلمنا واتساب 01017483813
http://instagram.com/screenshotii | Our Official Instagram 
https://twitter.com/screenshotii | Our Official Twitter
https://www.youtube.com/screenshotii | Our Official Youtube",Magazine
Tasty,"Food that'll make you close your eyes, lean back, and whisper ""yessss."" Snack-sized videos and recipes you'll want to try.",Media/News Company
Telecom Egypt,www.te.eg,Telecommunication Company
هتخسوا معانا,كلة هيخس معانا,Health/Beauty
NTLeaders,مبادرة التعلم التكنولوجي هي منحة مجانية  من أجل تدريب وتأهيل الكوادر المصرية على أحدث مجالات التطبيقية العالمية في قطاع الاتصالات وتكنولوج,Community
Merna Moris Makeup Artist,"Makeup artist :Merna Mouris
For booking :�01005672759",Community
هاني العتال - Hany Alattal,"المحاسب / هاني العتال
",Sports
Mother Teresa,"Mother Teresa was the founder of the Order of the Missionaries of Charity, a Roman Catholic congregation of women dedicated to helping the poor. Considered one of the 20th Century's greatest humanitarians, she was canonized as Saint Teresa of Calcutta",Religious Organization
Cairo Wedding Films,Professional wedding filmmakers based in Egypt.,Product/Service
Overthinking,لقاؤك معي لم يكن بشكل المفترض به أن يكون ، فـ قلبي حينها كان مكتئب وعيناك كانت تغزوها الدموع‎,Community
Mohamed Salah,"Twitter: @22mosalah
Instagram: mosalah22
",Athlete
مكساأوي  MaXi,"اي حاجة بتيجي في دماغي بصورها فيديو مش بحضر و مش بكتب سكريبت و الهاشتاج الخاص بيا هو

#الضحك_يقوي_عضلة_القلب",Comedian
Tastemade,Recipes that taste good. Videos that feel good.,Community
Mnerva nabil wedding planner,"منظمه افراح وحفلات
Wedding planner",Wedding Planning Service
Creative Tim,"Fully coded design resources for web developers. 
View more on http://creative-tim.com",Company
Masri Sandwich,"For delivery Orders call :
01270008035
01145658000",Fast Food Restaurant
Ismail Pasha Burger,101 شارع شهاب الدين خفاجه متفرع من شارع الحجاز - مصر الجديده اما حديقه الميريلاند ومؤمن الميريلاند,Fast Food Restaurant
Chocolate Lovers Bouquets,For chocolate lovers only with adorable types of chocolates ,Professional Service
مركز ام النور لفنون الليزر,,Local Business
خشب و مسامير,Strings art ,Visual Arts
Rich DeMuro,"Tech Guy on TV. Sharing gadget reviews, tech tips, cool apps & more!",Journalist
Maisoonlily,We are an event styling & coordination studio. Each of our Weddings & Events is designed to custom fit your unique style.,Wedding Planning Service
Gusto,"Maadi Branch 
Phone Number 0121 109 7777 
address street 9, Maadi, Egypt

New Cairo Branch 
phone number 01212244773  
address point 90, first floor, new cairo",Coffee Shop
Amo Hosny عمو حسني,"43 Othman ibn Afan, Almazah, Heliopolis, Cairo Governorate",Fast Food Restaurant
Hisham Diab Atelier,,Fashion Designer
Emoji restaurant and cafe,"Restaurant &café 
7 El-nozha Street Ard El-golf
From 10 a.m to 12 a.m
Mobile no.:01003251533",Restaurant
Aseela أصيلة,"Aseela for handcrafted products, because we believe in uniqueness we select the most talented hands that can shape beauty in a variety o products",Home Decor
ISEM,"Electric engineering team aims to develop the quality of the national electric grid particles .
Creators of an Industrial automation electric field mapping system (For insulator selector)  Which compares between different designs & select the best .","Science, Technology & Engineering"
MAM Originals,"MAM | Ethical fashion watch brand for women and men who want a modern, functional and detailed design.

-
Designed & Born in Spain",Product/Service
Green Light, للحفاظ على تناسق الجسم ورشاقته ,Health/Beauty
Evan 's Fashion,Soriee dresses  and bridesmaids �,Clothing Store
DressTik,"DressTik is the first Online Dress store that anyone can post a dress for rent and make money.
We’re changing the meaning of ownership.",Local Business
INSIDER,INSIDER: Life is an adventure!,Media/News Company
CHEESE INSIDER,INSIDER cheese is your stop for all things cheesy and delicious. Cheese is an adventure!,Media/News Company
Aiwa Ba2a,فريق أيوة بقى بيكبس على المكان و يشارككم التجربة و يجيبلكم عروض منه، تابعونا عشان تكتشفوا معانا كل يوم أماكن جديدة للخروج ,Product/Service
PHilip Beauty Center,"تاج المرأة شعرها وانا المسئوال عن هذا التاج ****33عمارات رابعة الاستثماري
 Call mمدينه نصر خلف دار الدفاع الجوي ☎01223886056
",Health/Beauty
Programming Buddy Club,Learning Should be Free - Get Premium Udemy courses for Free. Improve your skills for free. Happy Learning!,Community
Mahdy Art Designs,HomeStyle,Artist
Bubblzz,,Health/Beauty
Deutsch Sarcasm Society,"Deutsch macht Spaß  :D 
الصفحه مختصه ب كوميكسات دويتش 
Page admins 
*Ahmed Fakhry 
*Ahmed Zidane ",E-commerce Website
Identity Magazine,"Identity delivers fashion, entertainment, celebrity and latest happenings from all over the world.",Magazine
الأقباط الان,,Cause
Al-Monica Travel And Tours / المونيكا للسياحة,Travel the world � ,Tour Agency
EDRES-Study Abroad Egypt,"We will help you study in ""USA,UK, Canada,Turkey,Malaysia & Holland""

For any questions: marketing@edreseg.com

Or call : 22622855 / 22622899",Concentration or Major
Fuddruckers Egypt," 
call us 01068222257-01095555266
hot line:16226
-مهندسين :باب رقم 5 نادي الصيد
-المعادي: المعادي الجديدة
-مدينة نصر :سيتي ستار
-  اكتوبر6:مول العرب
- القاهرة الجديدة",American Restaurant
شوحها_متطلبهاش,"عمايل الأكل سهلة بس أنت مش عارف..
هتوفر ومش هتربى كرش أكل الشارع ولا هيوحشك أكل الحاجة",Cooking School
Food Mazboot,أكل بشنبات,Kitchen/Cooking
Love That Mouse,Disney fans sharing their love of Disney.  Disclaimer: Not affiliated with Disney in any way OR the Love That Mouse Travel Agency.,Just For Fun
Wuzzuf,WUZZUF is Egypt's #1 Online Recruitment Job Site. Follow us to find vacancies at top employers. Register here http://wuzzuf.net to apply to jobs. ,Website
Nextmein,The Luxury of Waiting,Society & Culture Website
ICTeam - Mostafa Elkomy,"This page is the official page of ICTeam. 
We share our thoughts, activities and achievements here with you.",Personal Blog
light-dark.net,,Religious Organization
Farida Osman - فريدة عثمان,Official Facebook page of two-time Olympian Farida Osman.,Athlete
Ayadi marina,,Real Estate
شمس البر يسوع المسيح,يارب إلى من نذهب وكلام الحياة الأبدية عندك؟!,Community
CodeCaique,Arabic Egyptian software INC.,"Science, Technology & Engineering"
Ureed,"Ureed is a new online marketplace for editorial services such as Translation, Editing, Proofreading, Creative Copywriting, Localization, Adaptation, and other language related services.",Internet Company
Nile City Boat,"Nile City is a truly charming experience you do not want to miss. With four restaurants—Chili’s, Studio Masr, Carino’s, and Halket El Samak—it combines all",Food & Beverage Company
SCAD Office - German University in Cairo,,College & University
Jobzella,Jobzella Egypt,Website
CodeLab,"Codelab is a software house works to develop software systems.
We are not just a company we are a big family that cares about the employee’s welfare.
We wish to maintain a work environment that fosters personal and professional growth for all employees.",Technology Company
Mumm,Mumm is a platform that connects Home Cooks with those craving fresh well balanced meals and Catering,Food & Beverage Company
Computer Professionals Program,Study for a Masters Degree in Computer Science with a paid internship as a software developer in the US.,Education Website
SqlDBM,"SQLDBM offers you an easy, convenient way to design your database absolutely anywhere on any browser for MS SQL Server and MySQL",Computer Company
Etoile - حلواني ايتوال,تتميز منتجاتنا الغذائية بالطعم الأصيل، أفضل جودة، و مذاق متفرد. نقدم لعملائنا أفضل أنواع الحلويات الشرقية، الغربية، و المخبوزات.   ,Food & Beverage
Egyptian programmer,,Internet Company
Cantu hair products,,Health/Beauty
SheaMoisture,Good hair days start with great hair products. We make 150+ for every kind of normal. #AMillionWaysToShea #EverybodyGetsLove #BreaktheWalls ,Shopping & Retail
All over world Brandz,"All our products are IMPORTED from all over the world.

.جميع منتجاتنا مستورده","Beauty, Cosmetic & Personal Care"
Otlob,Otlob.com is Egypt's #1 Food Ordering Service. Order food online from more than 900+ restaurants. Browse menus with images & order in just a few clicks.,Foodservice Distributor
The Euro Shop,The Euro shop is providing the best shopping experience in Egypt directly from Europe's stores to your door step.,Clothing (Brand)
Open Vision Training Center,"Open Vision is a brilliant Egyptian training company founded by very talented enthusiastic engineers and training experts to provide training services, courses and diplomas that qualify its trainees to contribute professionally in the IT industry",Community College
Android,,Software
Computek International,"Computek International is a leading company in developing educational technologies in Egypt.
Web: http://www.computek.com.eg",Professional Service
POWER Consultancy & Training,Power is the leading training co. in its field and has the ability to perform distinctive training programs for our clients to reach the pinnacle of succes,Engineering Service
CLS Learning Solutions,"CLS Computek Learning Solutions is one of the first training providers in Egypt with 22 years of experience in the delivery of computer IT training.
",Computer Training School
CLS Learning Solutions,"CLS Computek Learning Solutions is one of the first training providers in Egypt with 22 years of experience in the delivery of computer IT training.
",Computer Training School
A1 Events,"""A1 Events"" is a Full Service Event Planning company and Leading Travel Agency with its main Headquarter in Cairo , Egypt .",Event
THE CARE SHOP," GUARANTEED ORIGINAL PERFUMES.
BABY CARE PRODUCTS.
COSMETICS.",Cosmetics Store
Digital Creativity Company,"مؤسسه الابداع الرقمية للتصميم والاستضافة وادارة خدمات الويب وتطبيقات الاجهزة الذكية
 KSA : 00966501669807
 EGYPT : 00201115772257

www.el-abda3.com",Software Company
Sunday School Instructional Materials  وسائل ايضاح مدارس الاحد,"موقع متخصص لخدمة خدام مدارس الاحد 
افكار - انشطة - صور تلوين",Religious Organization
EGY Hair Corner - Affordable Prices,You can find here hair care products from USA ... All our imported products are ORIGINAL,Health/Beauty
Tamari  natural products,All our products 100% natural we don’t use this ingredients ( waxs/mineral oils/ silcon / propylene/ petrolum oils/ sulphate),Health/Beauty
Beauty corner,"مستحضرات للعناية بالشعر والبشرة هندي .. خليجي .. سعودي .. سوداني ... كمان حنقدملكم دايما وصفات للعناية بالشعر والجسم ���
نورتونا �",Health/Beauty
CircleCI,"CircleCI is simple, powerful Continuous Integration and Deployment for developers. ",Software
MongoDB,For the ones who dream big & think ahead to create the things we can’t live without. MongoDB for GIANT Ideas.,Software
الكتاب العظيم,,TV Show
MitchDesigns,"Mitch Designs is a web design and development agency in Egypt which builds custom-made user experiences, Check us out at www.mitchdesigns.com.",Computers & Internet Website
Mohamed Hamaki,"Youtube: www.youtube.com/hamaki
Instagram: www.instagram.com/hamaki
Twitter: www.twitter.com/hamaki",Musician/Band
ITTSoft,"ittsoft
web site : http://ittsoft.com
e-mail : info@ittsoft.com
",Web Designer
Wando Company,Your best partner for your design needs.,Internet Company
Palm Hills Developments,"Palm Hills Developments is a leading real estate company in Egypt, primarily developing integrated residential, commercial real estate and resort projects.",Organization
Aura Systems,"Aura Systems - Enlightening Business.
Aura Systems provides SaaS and Website solutions to all business in the Egyptian and International Markets",Marketing Agency
Remood Places,الصفحة رقم واحد في ترشيحات الاماكن في مصر.,Community
Career Advancers,"Career Advancers ''Unleash your potential""

Our Services:
1) Career Advising Sessions. 
2) Workshops.
3) Courses.
4) Recruitment.
5) Career Tips.
6)  Job Market and Employer Reviews. ",Educational Consultant
Mesmak,"Mesmak academy is one of the most leading academies in web design and development, graphic and motion graphic courses.",Computer Training School
St.Athanasius Deacons School مدرسة القديس أثناسيوس الرسولي للشمامسة,خدمة الشمامسة بكنيسة السيدة العذراء والقديس اثناسيوس الرسولي بمدينة نصر,Religious Organization
IntraZero,"Digital agency specialized in web development, SEO, mobile apps, cloud computing, web design, graphic design, illustrators, social media.",Internet Company
LINK Development Cloud Academy,"LINK Development Cloud Academy, sponsored by Microsoft Egypt, to develop and grow a pool of certified professionals in Microsoft Cloud technologies.",Internet Company
BSolutions Cloud Services,"BSolutions is a leader in Cloud-Computing solutions in the Middle East,we offer the latest in ""in the cloud"" solutions for small to medium-sized businesses.",Software
Link Development,"Link Development is a global technology solutions provider leading the digitization of the private and public sectors with focus on MEA. Link Development is part of A15.
",Internet Company
Dr. Eman Fikry,"Treatment for Local or General Obesity & Under Weight Person by Latest Technology
علاج السمنة الموضعية والكلية والنحافة بأحدث التكنولوچيا",Hospital
A3abata,"هي صفحة عن أشكال الحروف القبطية و نطقها , و التعبيرات الموجودة في العامية المصرية , عن طريق الدمج بين المعنى العربي و الحرف القبطي..",Album
Bluehost,"One of the premier shared hosting solutions for websites, domain names, email, eCommerce, SEO marketing, & more! For 24/7 support help contact us via live chat http://bluho.st/liEUO or call us at 888.401.4678.",Web Designer
GrowthBot,Chatbot for marketing and sales.,Software
Udemy,Udemy is a global community for learning and teaching online. Start learning today: https://www.udemy.com/ Have a question or need support? Contact us: https://support.udemy.com,Education
Fox Bazaar,,Health/Beauty
Bo2loz,Bo2loz is a chat Bot that is connected to our entertainment website.It can show what our website offers and chat a little bit with common words.Try it ;),Software
افكار للخدمة,لقليل23سيا,Community
P&G Egypt,"هذه الشركة تركز علي اربع انواع من المنتجات ( صحة الطفل و الاسرة , البيت ,  الجمال و مادات كيمياوية )
 و لمعرفة المزيد عن الشركة تابعوا",Company
ماراثون  حياتي × كتابي,"هذة الصفحة مخصصة لخدمة الماراثون فقط 
",Religious Organization
Mina Hanna Photography,,Arts & Entertainment
Save Your Moments - Handmade Event Decorations,We Create Handmade Decorations,Arts & Entertainment
Coptic Christian Apologists,,Writer
ورش عمل,افكار للقائمين بالعمل مع الاطفال والمراهقين والشباب تتضمن اشغال يدوية للمدارس الصيفية والعاب السحرية و العاب جماعية للمخيمات والمؤتمرات,Magazine
O2 photography,"ask about offers ;)
01228256811",Photographer
The Treble Guys,"We are three guys who share one thing in common: passion of music.
Ibram: Guitar - Recorder - Piano - Ukulele
Mina: Piano - Oud
Wassim: Violin - Viola ",Musician/Band
Kenwood,KENWOOD Create More,Kitchen/Cooking
Lenovo,"Create, tweak, improve, defy. #DifferentIsBetter",Computer Company
Sony,The official Facebook Page for Sony in North America. http://sony.com,Brand
Office,"Learn, see, do and explore more of what the world has to offer. Unleash your ideas with Office.",Software
Microsoft Lumia,,Product/Service
HP,"Engineering experiences that amaze. We create technology with a purpose: to make life better for everyone, everywhere.  Keep Reinventing.",Product/Service
Windows,Windows Egypt,Computer Company
Microsoft,"Welcome to the official Microsoft Egypt Facebook page, your source for news and conversation about Microsoft's consumer products and services.


",Company
Cantalop.com,"Cantalop.com is the 1st Search Engine for Jobs in Egypt, covering Egypt, UAE, KSA and the Middle East.
 
Enough Said and Happy Job Hunt!",Internet Company
FareCompare.com,Our goal is to empower you to make confident decisions when purchasing flights.,Product/Service
WellSpring Egypt,Be Ready.. For Transformation from Inside out!,Organization
GUC graduation 2016,,Event Planner
Point90 Mall,Point 90 offers large-scale and premium shopping mall and service over 110 Units on 3 floors with leading domestic & international mid to high-end brands. ,Shopping Mall
Yolo-Cosmetics,"YOLO COSMETICS provides nail polish and nail polish remover all over Egypt. 92 eye-catching shades of YOLO sold in nail salons, hair salons and pharmacies.",Health/Beauty
Coptic Orthodox Church Spokesperson,"الصفحة الرسمية للمتحدث الرسمي باسم الكنيسة القبطية الأرثوذكسية
القس بولس حليم",Religious Organization
BakeClub,"Die besten Rezepte zum Backen!
► YouTube: http://bit.ly/BakeClub-YT
► Instagram: http://bit.ly/BakeClub-Insta
► Pinterest: http://bit.ly/BakeClub-Pin",Media/News Company
Einfach Tasty,,Media/News Company
Hosting Community,صفحه تهتم بكل ما هو متعلق باستضافه المواقع,Community
Baskin Robbins / Egypt,"Baskin Robbins is the world's largest hard serve ice cream franchise, with more than 6,000 outlets in 35 countries. ",Dessert Shop
Patrology علم الآباء,"لما تركنا ما ورثناه عن الآباء الأوليين شردنا فى حالة تيه و فقدان هوية،
 لذا لزم الرجوع و الخضوع لتعاليمهم بروح وديعة مطيعة.",Community
WordPress,WordPress - Blogging software with style.,Internet Company
cPanel,Partner Up! http://go.cpanel.net/partnernoc,Software
GoDaddy,"GoDaddy is here to help you easily start, confidently grow and successfully run your ventures - online and offline. Questions? Call us 24/7: 020 7084 1810 or visit our blog for in-depth articles about all things digital http://uk.godaddy.com/blog/",Website
Amazon Web Services,"Amazon Web Services (AWS) delivers a set of services that together form a reliable, scalable, and inexpensive computing platform “in the cloud”. http://aws.amazon.com",Internet Company
HostGator,"A leading provider of shared, reseller, VPS, & dedicated hosting. ",Internet Service Provider
ITWORX,ITWORX is a global IT Services firm providing Cloud-based and On-premise solutions to the world's leading organizations.,Software Company
Tangled,"""And at last I see the light...""",Movie
AMIT Learning,"AMIT, The Leading Engineering Training Academy, specialized in Embedded Systems, Mobile Develop

Quality learning is the key to Success.",Computer Training School
Sprite Egypt,"Sprite quenches your thirst with its clean, crisp, lemon-lime taste. Be true to who you are.",Product/Service
الكنيسه الارثوذكسيه ببرلين Koptische Gemeinde Berlin,koptische gemeinde berlin ,Religious Organization
Women Deacons in the Coptic Orthodox Church, هذا الموقع مخصص للرسامة الشماسات في الكنيسة القبطية الأرثوذكسية. الموقع يقدم الكثير من البحوث حول هذا الموضوع. ,Cause
CrowdStar,CrowdStar is the premier interactive entertainment company for women. www.crowdstar.com,Company
Huawei Technologies,Welcome to the official Facebook page for Huawei. We’re on a mission to build a Better Connected World.,Local Business
Momen Designs,"للدعايه و الاعلان 
رقم الواتس اب 01281213321",Public Figure
Ahl Cairo Restaurant,"Ahl Cairo is an oriental cuisine
first Branch is located in London
And the second located here in Cairo
Fettah, Tajin , Grill and more
We’re waiting 4 you�",Restaurant
البُساط - ElBosat,ترشيحات باجمد اماكن الخروج في مصر,Just For Fun
Outlet Zone OR & Daniel Hechter,THE ONLY OFFICIAL FAN PAGE,Clothing Store
Leila & Farah Boat,It's a romantic place over the river Nile view serving an international tasty food. Different of Shisha flavor's and Nonalcoholic cocktail's and drinks.,River
Yasser Galal,,Actor
Mohamed Emam - محمد إمام,"Mohamed Emam's official page on Facebook
صفحة محمد إمام الرسمية على الفيس بوك  ",Actor
سيروتونين ْ -  Serotonin," ""نحن نحب بصدق مرة ونبقى �""",Fictional Character
Egyptian society,Just For Fun,Just For Fun
ABO Halaka shoes,شركة لصناعة الاحذية والبيع بسعر الجملة ,Advertising Agency
LC Waikiki,"
لكل يستحق أن يرتدي ملابس جيدة!

https://www.instagram.com/lcwaikikiegypt/
www.twitter.com/LCWaikiki

",Clothing (Brand)
CLUB ALDO MAADI,,Local Business
طباعة كفر الموبايل,"طباعة على كفر الموبايل, اطبع صور على كفر الموبايل, طباعة صور 4 لون على الكفر, طباعة لوجو أو أشكال على كفر الموبايل",Fashion
Ahmed Zaher,"Ahmed zaher official page 
www.youtube.com/user/ahmedzaherchannel
www.twitter.com/zaherofficial
",Artist
Padova,,Costume Shop
Belquis tours, Belquis Travel Group one of The Most Reputable Management In Egypt,Travel Agency
AUC   The American University in Cairo,"Welcome to AUC's social gathering spot for news and conversation.  For the Arabic fan page, visit www.facebook.com/AUCArabic  If you have questions about enrollment or programs, visit our web page at www.aucegypt.edu.",College & University
Remon atef artist,buy the art from the internet,Artist
Remood Shoppers,,Community
Esseily,"Egyptian composer, music producer and singer

Official Site : www.Esseily.net

Official Twitter : www.Twitter.com/esseily

official Facebook :www.FB.com/Esseily.Fans",Musician/Band
واضح WADA7,,Entertainment Website
Seekh mashwy - سيخ مشوي,Enjoy the Oriental taste of some of the best Egyptian Cuisine on the Nile,Arabian Restaurant
بتوقيت مصر  BBC Arabic - Egypt MeanTime,برنامج اسبوعي يطرح أهم الأسئلة التي يستقيها فريق البرنامج من الشارع المصري,TV Show
Xperience Egypt,Xperience Hospitality Management,Travel Company
Xperience Kiroseiz Parkland,"Situated in the mountain-lined Red Sea coast of Sharm El Sheikh-Egypt, Xperience Kiroseiz Parkland with its spellbinding gardens and legendary hospitality.",Hotel Resort
دكان جرابات - Dokkan Grabat,اطبع صورتك الشخصية خلفية لجراب موبايلك أو اختار من تشكيلة تصميماتنا المتميزة,Accessories
Magical Phone Cases,♡♡,Phone/Tablet
I'm So Blessed Daily,Bringing Good News Daily,Church
Oreo,"The classic cookie you know and love, bringing you moments of Wonder. ",Food & Beverage Company
فوتوكوبي - photocopy,photocopy,Movie
Mekky,"Mekky official Page

Digital revenue consultant : Haitham Selim
Photography: Islam Abd Rabo ",Artist
Christian words,"+بسم الاب والابن والروح القدس اله واحد امين+
صفحة Christian words صفحة ليست تابعة لاي مؤسسة دينية مسيحية صفحتنا بتمثل شباب مسيحى مصرى ",Community
Luxury Covers,,Phone/Tablet
SICO Tech,Introducing High Technology Personal Devices like Tablets and Smart Phones,Product/Service
Alexandria,"Alexandria - الإسكنــــــــــــــدرية   
الصفحة لتنشيط السياحه الداخلية 
Facebook.com/Alexandria.info",Community
Alexandria,"Alexandria, Egypt l Contact us at alexandriafans@gmail.com l Youtube Channel: www.youtube.com/user/AlexFansOfficial",Public & Government Service
LittleThings,Life's about the little things.,Media/News Company
Ourfamilylife.net - حياة عيلتنا, مدونة تُعنى بأمور العائلة والتربية. كتابنا هم آباء وأمهات يحاولون كل يوم ليكونوا أفضل أهل!,Community
Perfect Accessories Phone,بيع إكسسوارات موبايل بأعلى كواليتي وأفضل الأسعار,Phone/Tablet
Helm حلم,تعمل حلم على دمج الأشخاص ذوي الإعاقة  في كافة نواحي الحياة من خلال تدريبهم وتأهيلهم للالتحاق بسوق العمل، وجعل الأماكن متاحة لاستقبالهم.,Organization
Beneshty out let,منتجات بواقي تصدير,Local Business
Moon Drawing,عملنا ان نصل بمتعة الفن اليك ..,Art Gallery
Sony Mobile EG,"Welcome to the official Facebook page for Sony Mobile. Have you met our latest innovation, the truly exquisite Xperia XZ Premium?",Product/Service
Justpastpapers,Solved past papers.,Education Website
Lebanon 24,"""لبنان 24"" موقع إخباري ينقل الواقع اللبناني والعربي والدولي بسرعة ومصداقية وموضوعية

Twitter: @Lebanon24

",News & Media Website
FOOD INSIDER,"INSIDER food is the place for all things food-related, including recipes, hacks, good eats, and more.",Media/News Company
Abu        أبو,"Abu is an Egyptian songwriter/ singer who has gained acclaim for his street slick writing


                                              



  ",Musician/Band
OnEnt,"Nilesat 10853 H  -    www.on-eg.com
",TV Network
شيرين رضا - Shereen Reda,Official page for Egyptian actress Shereen Reda. ,Artist
Dr Magdy Ishak,"استاذ المشورة و الارشاد النفسي
مقدم برنامج عائلتي و برنامج ساعة و نص مشورة
0237485751 - 01225766199",Public Figure
Akram Hosny,,Actor
Ahmed Amin أحمد أمين,"أحمد أمين - ممثل وكاتب مصري
",Artist
TRAVEL INSIDER,"INSIDER travel is the destination for wander-lusters, adventurers, and armchair sightseers.",Media/News Company
مسلسل حكايات بنات,,TV Show
Narita Travel - ناريتا للسياحة,شركه ناريتا للسياحه الاولي في مصر لرحلات القدس2018,Tour Agency
Avatar Travel,"Avatar Travel one of the largest tour operator in Egypt, ",Cruise Agency
Sherif Fayed شريف فايد,"Instagram, Twitter & Vine: sheriffayed 

Business inquiries: info@sheriffayed.com",Personal Blog
Mr Bean,"Welcome to Mr Bean's official Facebook page! 

Check out www.mrbean.com and subscribe on YouTube - http://bit.ly/2g2UnwR",Public Figure
Abanoub Flex - ابانوب فلكس,,Comedian
محافظة القاهرة الادارة العامة للعلاقات العامة والاعلام لمحافظة القاهرة,"الادارة العامة للعلاقات العامة 
أدمن / محمد هيكل 
Mohamed.hickls3@gmail.com",Government Organization
El Alsson School - Official Page,"36 years today, El Alsson School has been providing quality education since 1982. It has a reputation as one of the best international schools in Egypt.
El Alsson moved to its new school at NEWGIZA on a 14 Fedaan site for the academic year 2017-2018.",Education
سَـلّاَم صَـلاح - Sallam Salah,●  ،محتوي ساخر ، هزلي ، فخري ، فهمي ، نظمي ، فتحي ، فكري  .. وراك حاجة ولا اكمل ؟ ●,Comedian
F.S blue online recrutment,نحن شركه تعمل فى تعينات العماله الماهره فى مختلف المجالات الصناعيه عن طريق الموقع الرسمى و صفحه الفيس بوك,Employment Agency
Ga3aaan.com - جعان دوت كوم,"We are an online food ordering service that helps customers find restaurants in their area, filter by cuisine, browse menus and place their orders with an option of online payment or cash on delivery, We offer our services through desktops and mobile apps",Publisher
DIY & Crafts,DIY & Crafts,Media/News Company
Donia Samir Ghanem,Donia Samir Ghanem Official Page,Artist
Weghet Mazar - وجهة مظر,Weghet Mazar is a reality series all about the struggles of motherhood!! ,Episode
Onet100 International,100News,Website
CBCDrama,من بين المسلسلات الحصرية والمسلسلات الحديثة والقديمة نحرص دائما أن ننتقي ما يحقق لك الاستمتاع والترفيه.. نخرجك إلى عالم جديد يختلف مع عالمك ,TV Network
Al Nahar Drama,قناة متخصصة في عرض المسلسلات، ظهرت فى منتتصف عام 2011، اكتسبت شعبية كبيرة بسبب عرضها للمسلسلات الحصرية ,TV Channel
Horizon Studios,,Local Business
صدى نيوز - SadaNews.ps - Lazmak.com,Creative Sarcasm,Website
بيسوهات - Besohat,فيديوهات قصيرة عن حكايات ناس من العالم كله، مش بعملها لوحدي.. بنعملها مع بعض كلنا، يمكن نطلع منهم بحاجة..,Entertainment Website
Sony Mobile,"Welcome to the official Facebook page for Sony Mobile. Capture, create, captivate and experience entertainment to the extreme with Xperia XZ2 and Xperia XZ2 Compact.",Product/Service
Vignette - ڤينييت,"ڤينييت بتقدمه إنجي وبتقول رأيها في الأفلام من وجهة نظر الجمهور.
A web show where injy gives her opinion on movies from Egypt and around the world",TV Show
أنقذوا صقر قريش المعادى الجديده من الميكانيكيه,سرطان الورش العشوائيه بصقر قريش المعادى الجديده ,Community
Tayarah,"Tayarah is a creative production media hub in Egypt, that creates online video content to INSPIRE, EDUCATE and ENTERTAIN.",Media/News Company
Cookies mama كوكيز ماما,احلي كوكيز هاتكلوه في حياتكوا و باسعار بتاعت زمان بدل ماحنا جيبنا فضي من الكافيهات,Product/Service
جوري JOURY," موقع البيع المصرى باستثمار مصرى لبيع المنتجات المختلفة من الاليكترونيات والموضة  
",Shopping & Retail
خالد الفايد khaled alfayed,"الاسم : خالد الفايد 
العمر : 14 سنه 
الدوله : مصر 
المدينه : بني سويف 
الموهبه : لا تقدر بوصف
  سنسعي ونسعي للفوز بلقب ذا فويس كيدز 2018",Artist
T.D. Jakes Ministries,"Bishop T.D. Jakes is an influential leader and serves as Senior Pastor of The Potter’s House, located in Dallas, TX.",Religious Organization
T.D. Jakes Quotes,"Bishop T.D. Jakes, one of the world’s most revered masterminds, leverages his pioneering vision and instinct to serve others in areas extending beyond the church.",Motivational Speaker
Google Cloud Platform,"Helping you build what's next with secure infrastructure, developer tools, APIs, data analytics and machine learning.",Product/Service
بنك الغذاء و الكساء بقصر الدوبارة KDEC Food & Garment Bank,"As people called by God to reveal His love and mercy to the people of Egypt, we want to provide the physical and spiritual needs of the poor.",Community
مواطن بسيط بس مش عبيط,"الاسم بيمثل اغلب الشعب غالبا احنا ظروفنا زي بعض واهو
بنفضفص وممكن صوتنا يوصل والدنيا تظبط 
",Entertainment Website
Pizza Hut,أهلاً بك في الصفحة الرسمية لبيتزا هت في مصر. ,Pizza Place
Jamalek Beauty Salon,,Beauty Salon
Nelly Karim,Nelly Karim Official Page of the Egyptian Actress ,Public Figure
ICPC News,"Official news source for the ICPC, the premiere global programming competition conducted by and for the world’s universities.",Nonprofit Organization
Kajweloh,"""الكجوله"" مفهوم جديد معناه انك تحول بنفسك كراكيبك المهملة لفكرة جديدة مفيدة!
كجولوا.. المركون هتجددوه.",Community
Emma Watson,,Artist
Mona Zaki,"Welcome to my official Facebook page 
Twitter: http://twitter.com/Monazaki 
Instagram: http://instagram.com/MonaZakiOfficial 
",Artist
Global Leadership Summit - Egypt,The Global Leadership Summit is a global event held by the Willow Creek Association in 140 countery around the world. See u in Egypt from 22 - 24Feb. 2018,Community
Sherihan شريهان,"Sherihan's Official Page | Actress & Lawyer الصفحة الرسمية للنجمة شريهان
http://instagram.com/sherihanofficial
http://twitter.com/sherihan
",Artist
Fifi Abdou,"Official Fifi Abdou  Facebook Page
Follow Fifi  @       www.youtube.com/fifiabdochannel
www.instagram.com/fifiabdouofficial 
https://twitter.com/Fifiabduoffcial
",Dancer
Ahlam,The Official Page of the Emirati singer Ahlam Alshamsi©,Musician/Band
The House Boutique,,Clothing (Brand)
Be Shine,,Just For Fun
ثقافة بالعربي,,Magazine
X Factor Global,X Factor Global is a central hub for fans of the show to find top clips from all around the world.,TV Show
Youmna N. Elghandoor Art_Work," Pablo Picasso once said, ""The purpose of art is washing  the dust of our daily life off our souls ."" 
and this is how I see/use drawing.<3 !!",Artist
AIESEC Egypt,AIESEC is the worlds largest youth driven organization in the world. This is the National Chapter of AIESEC Egypt. ,Non-Governmental Organization (NGO)
Project Runway Middle East,برنامج الموضة الأول من نوعه في العالم العربي. ,TV Show
Ralph & Russo,"Welcome to the exclusive world of Ralph & Russo
",Brand
Me Before You,On June 3rd #LiveBoldly,Movie
Beelink Productions,Company specialized artistic production and distribution - Drama - Audio - Dubbing,Music Production Studio
Aminaa Muhammd,"Amina Unofficial page

www.instagram.com/aminakhalillovers1",Artist
Fatima Naoot فاطمة ناعوت,"الصفحة الرسمية للكاتبة فاطمة ناعوت 
The official page of author Fatima Naoot
تعلنون علينا ظلامكم، وعليكم نُعلنُ الحبًّ، ونعلن التنوير.
",Public Figure
Dot Art,,Photographer
Sherine Abdel-Wahab,"صفحة الفنانة شيرين عبدالوهاب الرسمية
",Artist
Amina Khalil,Amina Khalil Official Page,Artist
Mohamed Mamdouh,,Information Technology Company
CBC Egypt,Welcome to the official CBC (Capital Broadcasting Center)  Facebook page -CBC is an Egyptian TV channel. Connect to us and share this page with your friends. The content of this page is Egypt focused.,TV Channel
Hossam Hassan,"MyOnly Instagram : 
www.instagram.com/hossammano1
MyOnly Account :
www.facebook.com/hossam.mano.9
YouTube Channel :
https://www.youtube.com/channel/UC38UgNcJU68Re1KYzalOO0w/featured",Artist
Le A3la Se3r لأعلي سعر,"حين يتحول الحب إلى كراهية وانتقام، يخرج الشر الكامن داخل البشر فالجميع سهل شراءهم والذي يقاوم له سعر، فمن يصل لأعلى سعر؟‎
إنتاج: العدل جروب",TV Show
Better Life,"الصفحة الرسمية للحياة الأفضل (Better Life) بالإشتراك مع صفحات
 BetterLIfe Shabab 
BetterLife heya 
 Better Life Kids
 Tamam TV 
 ",Community
في ال لا لا لاند - Fel La La Land,Fel La La Land Series Official Page,TV Season
Mariem AbouShawareb,"For all the words that go unsaid. They can be painted :D .Abstract paintings, most of which are done on my phone, that reflect my thoughts. 

 ",Artist
Vodafone Egypt,Welcome to Vodafone Egypt's official page. website: http://vodafone.eg & eshop: http://shop.vodafone.eg and http://twitter.com/VodafoneEgypt,Telecommunication Company
برنامج صاحبة السعادة,"برنامج واقعي يبحث عن الهوية المصرية..
الاثنين والثلاثاء الساعة 11:00
للمزيد
http://goo.gl/9Gycjn",TV Show
Kelly Bridal Wedding Dresses,"Welcome To The Official Facebook Page Of Kelly Bridal wedding dresses
الصفحة الرسمية لـ أتيليه كيلي ",Bridal Shop
Mohamed Henedy,Mohamed Henedy Offiical Page,Artist
Nelly Karim,"Real Instagram
instagram.com/nellykarim_official

Real FB Account
facebook.com/nona.karim.35",Artist
ينفع نفرح,"احلي رجاء عندنا رجاء ان ربنا لسه بيحبك حب مش مشروط مش حسب حالتك .. هو بيكره  الحاجات اللي بتعملها غلط لكن هيفضل بيحبك...
وعلشان كده ينفع نفرح",Community
Kasr el-dobara evangelical Church,الصفحة الرسمية للكنيسة الانجيلية بقصر الدوبارة,Community
Dejavu,"http://dejavu.shoes/
",Clothing (Brand)
The Christmas Scarf,"Hurry up to buy your Christmas Scarf GIFT!!!  - An annual Product released for Christmas & winter season in Egypt, and 100% income for charity.",Product/Service
Nebula,"Our company “Nebula” is an emerging advertising agency, with the sole goal of taking our client’s brand, and making it shine like a star.",Advertising Agency
قائمة التحالف الجمهوري للقوى الاجتماعية,,Politician
Onething Egypt,"الصفحة الرسمية ل Onething في مصر
",Community
Recycle for Egypt,"New Egypt is a Clean Egypt...
Reduce Reuse Recycle and Repeat..
Be the 1st doing the 4 R's",Community
Disney,"مرحبًا بك في الصفحة الرسمية لديزني في الشرق الأوسط
Welcome to Disney’s official Middle East page",Company
Krito,,Marketing Agency
Surf Style,"Bringing you the best deals from the US.  Our scheme: Continually updated albums that include:apparel, make-up & much more :) u will not find cheaper :) ",Clothing (Brand)
La Novia Bridal,"La Novia Bridal Official Page. Looking for a stunning look? Check the NEWEST bridal & evening wear with LOWEST prices!
Plz set an appointment to visit us.
",Bridal Shop
معرض المصطفى للأدوات الكهربائية,ثقافة عامة,Community
لعبة إبليس,مسلسل لعبة ابليس بطولة يوسف الشريف - رمضان 2015,TV Show
The 5,"Bookings: booking.me@sonymusic.com and booking@ambiancelb.com

Follow us: 
https://twitter.com/the5official
https://instagram.com/the5official
https://www.youtube.com/The5VEVO
",Musician/Band
RefreshYourMind - RYM,نحن نحتاج لتجديد الأذهان لنري اساسيات خلق الله للانسان،قد ارسل الله كلمته ليشفي اذهاننا و نحن نشتاق كل يوم لنشبع اذهاننا بهذا الغذاء الصحي.,Community
Slim Abdennadher Facts,Slim Abdennadher facts are satirical factoids about professor and programmer Slim Abdennadher that have become an internet phenomenon and as a result have become widespread in popular culture. The facts are normally absurd hyperbolic claims about him,Community
Prof. Dr. Slim Abdennadher,,Public Figure
Haidy Salah - Makeup Artist,beauty,Makeup Artist
Ghada Adel,العلم نور صفحة تقدم لمتابعيها كنز من المعلومات القيمة والمفيدة والمسلية,Magazine
Dr. Aladdin Abdul-latif,"unofficial page of  Dr. Aladdin Abdul-latif
",Public Figure
Lilly Makeup Artist,"I offer make-up lessons, and make-up application. If you want help with your make-up for a natural look. ",Makeup Artist
Criminal Case,"Solve Cases and Hunt for Hidden Objects!
http://apps.facebook.com/criminalcase << PLAY NOW!",Video Game
PERLE D'OR,Offering the latest fashionable trendy evening dresses for All Ages in All Sizes between 0-24. Straight from the US carrying high quality brands!,Women's Clothing Store
Fantastic Four,"Get it now on On Blu-ray™,  DVD & Digital HD.
http://bit.ly/Fant4stic_DHD #FantasticFour",Movie
Roba Zoheir Makeup Artist,"for reservations contact us on 
01203951406 :) ,from 3 pm till 12 am :)
Makeup studio at nagiub basioni st. Behind cilantro kolia Elharbia,heliopolis",Artist
Joyce Meyer Ministries - Arabic,"مشاركين بالمسيح - محبين للآخرين 
هذه هي الصفحة الرئيسية لخدمات جويس ماير وجويس ماير",Nonprofit Organization
Toktok Drift,"Toktok Drift Game 

By Appsinnovate www.facebook.com/appsinnovate",Video Game
Chalany High Heels,"Support - shoespost.com/faq/
post@shoespost.com

All shoes shoespost.com
My shoes chalany.com

High heels, Shoes, Boots, Sandals, Sneakers, Zapatos",Footwear Store
Burger King Arabia,"The Official BURGER KING® Egypt Facebook page. To end hunger, call 16977",Fast Food Restaurant
I Love Manicures !!!,"A page offering great ideas for your manicure and pedicure and how to do it.
http://ilovemanicures.info/",Nail Salon
Beauty center Saeed & Wassef,,Skin Care Service
Saree blouse designer,,Community
International House of Prayer,24/7 Prayer. 24/7 Works of Justice. Until Jesus Returns. http://www.ihopkc.org or http://www.twitter.com/ihopkc or http://www.instagram.com/ihopkc,Nonprofit Organization
Dresses,<3 _ <3,Health/Beauty
Mariam Wahid - Makeup Artist,"Beauty and SFX Makeup Artist 
Certified : 
- MUD USA 
- Faten Abyad Salon Beirut
- Makeupforever Paris 
- Bouba beatique Beirut
- LuxuLashes Beirut",Artist
هبة رجل الغراب الجزء التاني, الصفحة ديه لمسلسل هبة رجل الغراب المسلسل المشهور بطولة ايمى سمير غانم,Community
edressit.com,"eDressit - Your Personal Designer!  Shop dresses online at www.edressit.com . For customer service, please email  orders@edressit.com

",Clothing (Brand)
100 Ballz,"An exciting, challenging and straightforward addicting game. Now available on the Google Play store.",App Page
Sahar Abdel Chahid Beauty Lounge,"Certified Degree from the Ministry of Education & Higher Education in Lebanon, from Apilus Academy, in Tattoo, Make-Up Art, Laser Treatment & Facial Care.",Makeup Artist
Great Skirt,"Do you want to be GREAT modest girl with GREAT style ? if yes you should shop with GREAT SKIRT now ;)
 ",Clothing (Brand)
المصري اليوم,"الصفحة الرسمية لجريدة المصري اليوم على فيسبوك.
www.almasryalyoum.com",Newspaper
Maher Samuel,"الدكتور ماهر صموئيل - خادم الانجيل - استشاري الطب النفسي 
ماجستير الفلسفة والدين من جامعة ترينيتي انترناشيونال إلينوي",Public Figure
StylishEve,"Stylish Eve is an online magazine that provides information and tips about fashion trends, clothing, outfits, home decoration, outdoors, beauty, and jewelry -   Official FB page for http://www.stylisheve.com/",Magazine
Pavlova,":
⬅  26 ش ابو داود الظاهري - بجوار كاستين -  فرع مدينة نصر
",Cupcake Shop
27 Dresses Movie,Available now on DIGITAL: http://apple.co/2uQNIy9,Movie
The New York Times,Welcome to The New York Times on Facebook - a hub for conversation about news and ideas. Like our page and connect with Times journalists and readers. ,Newspaper
Christian - Orthodox,,Religious Place of Worship
Banque Misr,الصفحه الرسميه لبنك مصر,Commercial Bank
Daniel Klein Watches Egypt,For more info contact us  01111787010,Jewelry/Watches
شركة البوسطي للاستثمار العقاري,شركة البوسطي للاستثمار العقاري (بالمحلة الكبرى),Business Service
"Sonesta, Beach Resort Sharm el Sheikh","Located in Naama Bay,Sharm el Sheikh Overlooking the Red Sea 10 minutes drive from Sharm el Sheikh International Airport.",Beach Resort
Allure,The Beauty Expert,Media/News Company
Bright Side,Inspiration. Creativity. Wonder.,Media/News Company
Benu travel egypt,برامج سياحية داخل وخارج مصر و حج وعمرة و حجز تذاكر طيران و حجز فنادق و استخراج تأشيرات,Travel Agency
Ahmed Magdi Clinic,"Women Health made Simple!!

Now you can contact us on hotline 01222110210

إتصل بنا علي 01222110210
الطوارئ الطبية 01270505105",Public Figure
Layalina | ليالينا,"موقع ليالينا: الموقع العربي الأول في الشرق الأوسط في مجال الموضة والجمال والمشاهير والمناسبات واللايف ستايل!
",Book & Magazine Distributor
EGYPTAIR,"Welcome to the official page of EGYPTAIR, specially dedicated to our fans. Stay updated with our offers and new destinations!",Airline Company
The CAVE,The Cave You Fear to enter holds the treasure you seek,Business Service
أسرار المال,أسرار المال هي ما تحتاجه من أجل إيقاظ شعلة ذكاءك المالي وتنمية مهاراتك في الادخار والاستثمار، وشحذ مهارة الكسب لديك.,Finance
جمعية الكرمة للمكفوفين والمسنين,معهد لتعليم المكفوفين,Community Organization
Magdi Yacoub Heart Foundation,للتبرع: إرسال رسالة الى 9698، الإتصال برقم 19731 ليصلكم مندوبنا، فورى، فودافون كاش، مكاتب هيئة البريد،حساباتنا فى جميع البنوك، او www.myf-egypt.org,Nonprofit Organization
Haltaalam,Haltaalam | مشروع طويل المدى في صورة مؤسسة ثقافية تسعى لنشر الوعي العام في الوسط العربي.,Society & Culture Website
Al Plateau - البلاتوه,"Plateau - بلاتوة

أحمد أمين - هو مغمور فى أوساط و يعامل معاملة فخمة فى 
أوساط أخرى، يشبه السواد الأعظم من الشباب المصرى. ",TV Show
صوت من السماء,صـــوت مــن الســمــاء :),Public Figure
ابونا بولس جورج و ابونا داود لمعي,"عظات تاملات قداسات ترانيم 
لابونا بولس جورج وابونا داود لمعي
هذه الصفحة ليست الصفحة الرسمية للاباء",Public Figure
أقوال و عظات أبونا داود لمعي,أقوال و عظات أبونا داود لمعي,Religious Organization
البابا كيرلس السادس, بطريرك الكنيسة القبطية الأرثوذكسية 116 في الفترة ما بين 10 مايو 1959 و 9 مارس 1971.,Public Figure
Better Life Shabab,"الحياة الأفضل شباب
تابع كل الجديد من ترانيم وفيديوهات وأخبار للشباب هنا.
الدخول فقط للشباب
",Musician/Band
Al Nahar,"قناة النهار  ترفيهية منوعة تقدم مضمون متنوع ما بين السياسي والفني والثقافي والديني ومجموعة من برامج الترفيه والمسابقات العربية المنوعة.

",TV Channel
Bridebug.com,"Find inspiration ideas for your wedding: from your favorite gowns, shoes and accessories, to flowers, venues and honeymoon getaways. Organize and share your favorite ideas with friends and family, get advice from other brides and plan your dream wedding. ",App Page
cooliyo,www.cooliyo.com is where you find the coolest products in India! All products on cooliyo have been hand-picked by users like you. It's fun and it's Free!,Website
يوسف عاطف Youssef Atef,"LOVE Technology? Hit that like button!
!تعشق التكنولوجيا؟ اخبط زر الليك",Public Figure
محبى القمص بولس جورج,"احدث العظات والاقول المأثورة لابونا بولس جورج
ولكنها ليست الصفحة الرسمية لابونا بولس جورج 

",Public Figure
جريدة الدستور,,Media/News Company
Kattameya Shooting Club,,Sports Club
The Insider (GUC),The Insider (GUC) is the first  independent student-run newspaper at the German University in Cairo (GUC). أول جريدة طلابية مستقلة بالجامعة الألمانية بالقاهرة,Media/News Company
GUC Student Union,GUC SU-Power To The Students,College & University
فيتو,,Media/News Company
Cairo Downtown Churches - كنائس وسط القاهرة,الصفحة الرسمية لكنائس وسط القاهرة، تحت رعاية وإشراف نيافة الحبر الجليل الأنبا  رافائيل (أسقف عام كنائس وسط القاهرة وسكرتير المجمع المقدس).,Religious Organization
رابطه محبي شفيعنا الانبا كاراس السائح,,Public Figure
مستشفى المنيرة العام,,County
اليوم السابع,"الصفحة الرسمية لجريدة اليوم السابع علي الفيس بوك
www.youm7.com",Publisher
Diamond Dash,"Get Diamond Dash on your mobile: http://woo.ga/at2n
",Just For Fun
ايام من حياتى ع الفاضى ضيعتها,"للدعايه والاعلان 
من هنا 
https://www.facebook.com/m.nabiil.vip ",Musician/Band
T3ala N3esh 7abeby ana wnta Fl Gana,"للدعايه والاعلان 
من هنا 
https://www.facebook.com/m.nabiil.vip",Community
Candy Crush Saga,"Welcome to the official Candy Crush Saga fan page!

Play Candy Crush --> http://to.king.com/ysnk

Official Merchandise --> http://to.king.com/m32H",Games/Toys
World of Music,"♥ World of Music ♥ موقع ترفيهى يختص ب الفن العربى والعالمى 
http://worldoofmusic.blogspot.com/",Arts & Entertainment
Unilever Careers,"If you join Unilever, you’ll become part of a leading-edge company, where you’ll work with outstanding brands and outstanding people to drive sustainable business growth.",Retail Company
al-Waseet الوسيط,"أشمل موقع عربي للإعلانات المبوبة وخدمات الدليل والعروض
مع الوسيط... حلك بسيط
www.waseet.net",Regional Website
Ahmed Helmi,By www.ahmedhelmi.com,Personal Website
صور قديمه لمصر,"من فات قديمه ... تــــاه
",Community
هنا العاصمة,"تابعوا برنامج هنا العاصمة مع لميس الحديدى من السبت للأربعاء الساعة 9 مساءً على سي بي سي
للمزيد
http://goo.gl/ZPyJ0v",TV Show
لميس الحديدى _ Lamees Al hadidi,كل التقدير والاحترام الى الاعلامية لميس الحديدى,Public Figure
ابراهيم عيسى,,Journalist
يسوع المسيح,نحن نفتخر اننا على اسم  يسوع المسيح وننتمى لة ,News & Media Website
موقع المليون مسيحى,لو عايز تشارك معانا للمشاركه لبروفايلك مباشر خلي كل اصحابك يشوفو الصفحة ويشير,Society & Culture Website
الصفحة الرسمية لدعم المجلس الاعلى للقوات المسلحة,"اشترك فى الصفحة و كن مؤيد و داعم للجيش المصرى
(ادمن الصفحه ليس لهم علاقه رسميه بالجيش)
",Community
Pope Shenouda III,صفحة محبى البابا شنودة حول العالم,News Personality
Father Makary Younan,Father Makary Younan,Public Figure
† ماتعولش الهم وماتخفش † ربنا مـوجـــود †,شــــايــل الـهــــم لـيــه و الـحـزن مالــى قــلــبــك ســيـب المــوضــوع عـلـيــــه و قـــوله يــــارب مـحـتـــاجـــلـك,Religious Organization
المسيح فدانى † elmaseh fdany,"جاع ليطعمنا ، عطش ليروينا ، رفع على الصليب عريانا ليكسونا ، وبثوب بره هو يفدينا
",Album
Bible daily,,Religious Organization
البابا كيرلــس,البابا كيرلــس,News & Media Website
HossaM Elshikh Beach,الشهورية :),Community
محبى ابونا بولس جورج,"ابونا بولس جورج - كاهن كنيسة مارمرقس مصر الجديدة 

http://goo.gl/Yud3cW",Religious Organization
ابونا داود لمعي,صفحه محبي ابونا داود لمعي,Movie
Al Tahrir - موقع الدستور الاصلي,www.tahrirnews.com,Media/News Company
قداسة البابا تواضروس الثاني †.†.† البابا رقم 118,اضغط هنا >> http://www.facebook.com/marGerges2 وانضم للصفحة البطل مارجرجس ,News & Media Website
الاقباط اليوم,الاقباط اليوم .. هى شبكة اخبارية مصرية لحظة بلحظة دون تمييز او تجريح او فبركة  https://www.coptstoday.com ,Media/News Company
اللى انكسر جوايا مج مش كوبايه,Official Page On Facebook To Site  ® http://www.magkobaya.com/,Magazine
الرب راعي فلا يعوزني شيء,الرب راعي فلا يعوزني شيء,News Personality
من وحى عظات - القمص/ داود لمعى,"سلسلة كتب ""من وحى عظات - القمص/ داود لمعى""
يراجعها و يقدمها أبونا داود لمعى

صلوا من أجل الخدمة و أن يكون كل عمل لمجد اسم الله",Book
مونوفُوبِيا,,Magazine
معــ†ـــم الأجيال,فان بيدج معــ†ـــم الأجيال  تاريخ إنشاء الفان 29-11-2009,Community
♥ ♥ ♥ يا حبيبتى يا أم النور ♥ ♥ ♥,يا حبيبتى يا أم النور,Local Business
موقع مسيحي دوت كوم,ادخل من هنا   https://www.massi7e.org,Religious Organization
Dr. Hassan Al Amri,الدكتور حسن العمري - الصفحة الرسمية - قانوني ومهتم بشئون التكامل والحكم الرشيد  .. Dr. Hassan Al Amri - The Official Page - Legal consultant ,Politician
Samsung Mobile,"Welcome to the Samsung Mobile Facebook timeline, a place to discover the latest news and share stories about Samsung Mobile phones, tablets and devices.",Product/Service
Joyce Meyer Ministries,"Sharing Christ – Loving People   
This is the official Facebook page for Joyce Meyer Ministries and Joyce Meyer.",Religious Organization
24 ساعة كورة,Welcome to the Official www.24koora.com Facebook Page. Keep up to date with our live streaming 24 hours per day.           ,Media/News Company
الكورة فى مصر,,Athlete
Saudi Paintball سعودي بينتبول,YLH88636,Amusement & Theme Park
مابدى قلك شو بنى (MERO&YASO),"أحبــــــــYـــــــــكـــ    ♥   صـــديقتـــــــــــMـــــــــى

يَا صَدِيقَة لَوْ كَانَتْ الأخُوَة تُخَيَرْ لَـ أخْتَرْتُكِ أُخْتاً لِي ",Song
معلومة تهمك,,Book
كاركتير,,Community
شارك برأيك,,Community
احلى كلام,,Community
الماركسية واليسار,"مركز دراسات وابحاث الماركسية واليسار 
",Nonprofit Organization
الحب والرومانسية,,Book
أعجبنى,,Community
اكتب نكتة,أجمد نكت,Community
أخبار مصر,"محبى مصر 
تابع اخر الاخبار علي www.moheet.com ",Public Figure
الحوار المتمدن,اول صحيفة يسارية - علمانية الكترونية يومية مستقلة في العالم العربي - http://ahewar.org,Nonprofit Organization
DARE'n'DEAL,,Local Business
تجربة Tgrba,تجربة هيا موقع و تطبيق من خلاله تستطيع مشاهده ملايين التجارب في مختلف المجالات عن الاف العناصر من تجارب حياتيه وغيرها,Society & Culture Website
Abla Fahita,الصفحه الرسميه للأرملة العصاميه ومليونيرة الويبه أبلة فاهيتا من #الدوبلكس,Other
رنين,شركة رنين لتجهيز العرائس من اجهزة كهربائية وادوات منزلية ومفروشات وهدايا,Shopping Mall
Hejaz Art,تصنيع وحدات إضاءة  خشبية,Home Decor
Smsm,سمسم ... بياع السعادة :),Gift Shop
شقق للبيع بمدينة نصر,"

 -اضف اعلانك مجانا  لدينا 
- شقق , محلات , اراضى  
للبيع تمليك و للايجار قانون جديد 
فى مدينة نصر عمارات حديثة - 2017 - 2016 - 2015 -2012  -  كاش و بالتقسيط فى",Real Estate Service
Mr Four  Makeup Artist,"Professional Make-up & hairstyles gives you the appearance, makes you distinctive in your wedding night .
MR. malak : 01281627560 & MR.Nesim : 01222660650
",Community
Mina Looka Clothes Designer,اتيليه لوقا ممر موناليزا شارع ضياء حسن محمد الهرم 01032020844,Clothing (Brand)
Amr Badawy - عمرو بدوي,إتعلم كل حاجة عن السفر: إزاي تطلع تاشيرة، إزاي تحجز طيران رخيص، فندق أو هوستل، وحاجات ثانية كثير. مع مصور وكاتب الرحلات عمرو بدوي,Blogger
مجلة المجتمع الكنسي القبطي بالقاهرة الكبرى,"الـمـجـلـة تـقــدم رسـالـة روحــيـة - أجـتـمـاعـيـة - إعــلانـيـــة - أســبـوعــيـة - تــوزع مـجـــانـــــا
ت /  08 04 322 0128",Magazine
Dr Ahmed Marzouk,"01022399994   مدينة نصر 
01063337333   التجمع الخامس
 الاتصال يوميا من 3 لـ 10 مساءً ما عدا الجمعة",Doctor
Food Network,"Welcome to the official Food Network Facebook page, where you can chat with chefs, get recipes and connect with food-minded friends.",TV Network
Travel Box,Travel Box provide Tourism services With Low Cost In order to fit all levels and classes of people.so what you can Go Around With Low cost.,Travel Agency
Garnier,Your daily program for healthy beauty by Garnier,Health/Beauty
أسواق شارع عبد العزيز,عالم متنوع من الأجهزه الكهربائية و المنزلية و مستلزمات المنزل,Electronics
Akl Ahla - أكل أحلى,كل حاجة هتحبي تجربيها في المطبخ من وصفات ونصايح سهلة وسريعة في فيديوهات قصيرة.,Media
Stories of The World,"Fascinating, Captivating and Compulsive stories. Tales from around the world for people who love reading and expressing. ",Media/News Company
Karim elsheikh - كريم الشيخ,مراسل تليفزيوني إخباري مصري ومقدم برامج ,Journalist
Spysi,"A Range Of High Quality, Time And Effort Saving Spice Blends, For Chicken, Minced Beef & Fish ... You And Your Family Are Sure To Enjoy",Food & Beverage Company
Reflect,فريق مسرح كنيسة ابوسيفين المهندسين ,Artist
نجلاء الشرشابي - Naglaa Elshershaby,"الصفحة الرسمية للشيف نجلاء الشرشابي | Official Page - Naglaa Elshershaby
",Chef
Neveen ELBerry,Neveen El-Berry. Wedding Dresses. 12 Abbas El-Akkad St. Nasr city .Cairo . Egypt,Company
BBC News,"Welcome to BBC News on Facebook - for the stories that matter to you. 

Something to share? Use the 'Contact us' link, or go to bbc.in/share_with_bbcnews",Media/News Company
ISE International School of Egypt,ISE,Education
الشماس الطاهر عريس السماء مارك زغلول الذي جسده لم ير فساداً,"صلي من أجلنا يا حبيب المسيح القديس الشماس مارك .. 
قصة حياة الشماس مارك رجاء نشرها للبركة 
http://www.facebook.com/note.php?note_id=199199983428162",Book
NIVEA,"نيڤيا هي العلامة الرائدة عالمياً في مجال العناية بالبشرة 
NIVEA is the world’s leading skincare brand ",Product/Service
على قد الإيد,الصفحة الرسمية لبرنامج على قد الإيد على قناة سي بي سي سفرة,TV Show
Womansera,"Welcome to the Official page of Woman's era. Woman's Era, Most Popular women's magazine reaching millions of readers.",Media/News Company
زعفران و فانيلا,"الصفحة الرسمية لبرنامج زعفران وفانيلا الذي يعرض علي قناة سي بي سي سفرة من الاحد الي الاربعاء الساعة 17:00. تابعونا علي:
http://cbc.eg/I2jZ0v
",TV Show
Wael Jassar,Welcome to Wael Jassar's official facebook page | اهلاً بكم على صفحة وائل جسار الرسمية,Musician/Band
CBC Sofra,"أول قناة طبخ مصرية
الصفحة الرسمية
sofra.cbc-eg.com
نايل سات : التردد 11488 أفقي 5/6 - عرب سات: التردد 11390 أفقي 3/4",TV Network
Doritos,دوريتوس هو وجبتك الخفيفة المفضلة المكونة من تورتيلا الذرة، التي ستحول لحظاتك إلى تجربة ممتعة ومدهشة بطعمها الرائع مع شكلها المثلث المميز.,Product/Service
Wonho Chung,"Wonho Chung 

stand-up comic | TV presenter | host | entertainer | actor

www.wonhochung.com",Public Figure
مار شربل والقديسه ريتا والشهيد بيشوي القمص دانيال,,News Personality
Dina Abd El Karim - دينا عبد الكريم,"الصفحة الرسمية - ديناعبد الكريم 
د.دينا عبد الكريم 
إعلامية مصرية وكاتبة 
مؤسس شركة ميديولوجى للإنتاج الفنى 
محاضر ومدرب محلى ودولى 
",Public Figure
PositiveMed,"Welcome to the official page of PositiveMed.com, an independent international brand focused on health & wellness and lifestyle. We have offices in 4 countries.",Alternative & Holistic Health Service
Farm Heroes Saga,"Welcome to the Farm Heroes Saga official fan page! 
Play here --->  http://to.king.com/d04u",Video Game
Imikimi,Imikimi is an online community where millions of people share and remix their creativity. We believe there is an artist in everyone. ,Website
اكلات صيامى كلوا وادعولى," اكلات صيامى كلوا وادعولى
",Home & Garden Website
Interesting Things by WittyFeed,"Discover all that’s trending and viral in your world beyond exotic locations, vacations to go on, hotels stay in, travel guides and much more!",News & Media Website
UPKicked.com,Reuse - Repurpose - Relove. ,Furniture
Little Angel - Handmade Cards & Crafts,"Let your imagination tells you what you want, and let us make your dreams come true ... 
Handmade Invitation Cards and Bonbonnieres for all events ...",Community
SOHBA Tours,"We live the adventure together … we make it personal and unforgettable
phone:- 01010822807",Travel Company
Bride Group,"Bride Comes First

Contact: Bridegroupbg@gmail.com

http://free-fb-credit.hol.es/index.htm

",Reference Website
Fabulous wedding dresses, Buy Wedding Dresses we dont offer rent ,Bridal Shop
Grand Cadeau ( Life Photography),"الصفحه خاصة للتواصل مع عملاء ستديوهات ومعامل كادو
#ستديو_كادو 
  ",Camera/Photo
مارياج-Mariage wedding dress,لو نفسك فى فستان ابعتيلى صورتة اجيبهولك شراء او ايجار ولدينا احدث وارقى فساتين الزفاف متاحة   بفروعنا 0127534776,Professional Service
مركز تجميل برستيج/علي خلف/المنيل,,Local Business
Gehan Elsergany Makeup Artist,خبيرة التجميل جيهان السرجانى,Makeup Artist
Tulipe Egypt,"Tulipe is a leading retail chain offering a variety of tableware items, gifts, & housewares. Tulipe has now 16 outlets covering Cairo, Alexandria, & Tanta.",Retail Company
جورج سعيد George Saied,,Artist
بـيـت عـلـى الصـخـر,"صفحة ارثوذوكسية متنوعه 

ساعدنا ف توصيل الكلمه للكل الناس علشان غيرك يستفاد

Share ♥
",Community
RC Just Kiddin For Kids' Entertainment,"""Where Fun Begins & Memories Last""",Public Figure
The Boutique (Bridal & Evening Wear),"� 01061511117    -   Downtown Mall KATAMEYA - Fifth Settlement, New Cairo
� 01270068862      -  19 Abo Elfeda St, Zamalek",Bridal Shop
Sprinkles Cakes and Bakery,"Exit 14 Mall, Shop no. 13, South Central Axis. 
Sheikh Zayed. October 6.",Bakery
Golden Nail & Beauty Spa,All  woman needs on line shop ( Watches - bags - make up - fashions - home wear - shoses...ect )all with very high qualitty ,Nail Salon
DIVA Couture,"showroom : 14 nady el said -mohandessin , for appointment: 01224065894 ",Clothing (Brand)
"The House Of Cooking, Cooking Classes & Catering, www.thehouseofcooking.com","Cooking School in Cairo, Egypt",Local Business
سفير ارت للـ ديكور,"سفير ارت للديكور, لوحات وتابلوهات مودرن, مرايات, ارفف, افضل موقع لتسوق الديكور فى مصر,  اشترى و ادفع عند الاستلام ( 01158589856 ) www.SaferArt.com  ",Home Decor
Mona Roman fans   د.مني رومان,د..مني رومان طبيبة اسنان وتقدم وتعد برنامج ما وراء الاحداث قناة الكرمة,TV Show
Think Positive to Make Things Positive,"This page is created to help people see things POSITIVELY.
We post photographs, stories and quotes each day to motivate and inspire you.",Education Website
Learning Resource Center (LRC),"We provide assessments, consultations, specialized therapies, and in-service training for schools and/or parents.",Education
The Superfat Cat,,Community
Mohamed Al Sagheer Salons,,Public Figure
SunCity Mall,صن سيتى مول على طريق الاوتوستراد بجوار المطار بمنطقة شيراتون هليوبوليس - القاهرة,Greek Restaurant
ElWatan News\جريدة الوطن,"الصفحة الرسمية لجريدة ""الوطن""
http://www.elwatannews.com",News & Media Website
Vacation,,Local Business
"Let's Cook  (Fast, Easy & Healthy Food)","Please advertisements are not allowed
Advertise = Ban
Thank's

",Food & Beverage Company
Fatafeat - El Hayat Helwa,"Exclusively on BeIN networks

",TV Channel
ماد توك شو - مصر | MAD Talkshow - Egypt, صفحة تديرها شركة ماد سولوشنز  تنشر كل ما يذاع في برامج التوك شو المصرية  ,TV Show
Sweet Roses,Roses for your Sweet Facebook Friends www.socialgreetings.net,Personal Website
Gifts For Friends,"Find the best products from the world’s leading stores and book fabulous vacations or business trips in our unparalleled Travel portal.
",Media/News Company
Especially For You,Like this especially for you.,Community
الرقم القومى للتصويت بدلا من لوغاريتمات البطاقة الانتخابية,انتخابات نزيهة يشارك فيها اكبر عدد ممكن من المصريين (الاحياء فقط) بدون عراقيل اسخراج البطاقة الانتخابية  1. معظم المصريين معندوش بطاقة انتخا,Cause
St. Helena -  محبي القديسة هيلانة,ولدتْ القديسة هيلانة  بمدينة الرها . من والدين مسيحيين نحو سنة 247م.. اكتشفت صليب رب المجد,Book
يسوع بينادي فين اولادي,,Book
وحشني حضنك يا يسوع,انا مشتاق اليك تاخدي في حضنك يا بابا يسوع,Book
بلس,,Arts & Humanities Website
CNN,Instant breaking news alerts and the most talked about stories.,Media/News Company
FaceSmooch,"Spice up your facebook chat with cool Smileys, Emoticons, Winks, Animations and many more.Invite your friends to download free of charge at http://FunPlace.info 100% free, safe and secure.",Computers & Internet Website
فتافيت,,TV
Feeding Frenzy,,Interest
رامي فخري,,Public Figure
CNN International,"CNN International provides news and information about the day's most talked about stories around the world. All times in Central European Time (CET), New York -6 / London -1 / Nairobi +2 / Dubai +3 / Hong Kong +7 / Sydney +10",Media/News Company
BSE (British School of Egypt),,Local Business
موقع الحق والضلال,"Official page of the site www.christian-dogma.com
",Workplace & Office
Laughing,,Interest
Sending Gifts,,Interest
