GDG DevFest Cairo 2016,"We are delightful to introduce the most anticipated event this year ""GDG DevFest Cairo 2016"" organized by GDG Cairo and GDG New Cairo.

GDG DevFests are large, community-run events that offer speaker sessions across multiple product areas, all-day hack-a-thons, code labs, and much more.

More than 140 GDG DevFest events are hosted this year around the world, and we are proud to be participating in this global series for the fourth time in a row with GDG DevFest Cairo 2016.

Registration Form: http://bit.ly/DevFestCairo16

GDG DevFest Cairo 2016 Topics:
- Firebase - The New Google Platform!
- Do's and Dont's of Social Media Marketing for Mobile Apps
- Design Thinking
- It's All About Marketing
- React Native + Firebase to Create a Messaging App
- Firebase - Getting Started for Android

For more information regarding the GDG DevFest Season 2016, kindly check the following link: https://developers.google.com/events/devfest/

#GDG #DevFest16 #Cairo #OneMoreGDG #TheNextBigThing",attending
GUC Annual Internship & Employment Fair 2016,"*This event is exclusive for GUC students/alumni/MBA only!

The GUC Annual Internship & Employment Fairâ€™16 aims to expose GUC students and alumni to the largest number of employers from different categories and industries. It also aims at opening a channel between students/alumni and the corporate market through which opportunities offered by different employers are freely displayed providing an equal chance, yet an exclusive one for GUC students/alumni. Such opportunities include internships, graduate programs, job vacancies, trainings, post graduate opportunities in Europe, and moreâ€¦ GUC employment fair is strictly exclusive for GUC students and alumni. 

Location: 

GUC Annual Internship & Employment Fairâ€™16 will take place in the GUC Convention Complex (Examination Halls) at the south end of the GUC campus. For facilitation of studentsâ€™ transportation on campus, there will be shuttle busses moving to the fair from two different checkpoints, the B buildings and the C buildings. 

Date & Time: 

Saturday, April 9th 2016 from 11:00 am to 12:45 pm & from 02:30 pm to 05:00 pm

Sunday, April 10th 2016 from 09:30 am to 12:45 pm & from 02:30 pm to 05:00 pm


Fair Participants:
Industrial Exhibitors
Abbott Nutrition
adidas Sporting Goods Ltd.
Advansys ESC
Alexbank
Amideast 
Arab African International Bank
Arab Investment Bank
ARMA Group
ASSET Technology Group
AUB 
AUG Pharma
AWstreams
Bank Audi Egypt
Barclays Bank Egypt
Bavarian Auto Group - BMW Egypt
Bright creations LLC
Commercial International Bank (CIB)
Credit Agricole Egypt
DABUR EGYPT LIMITED
Dakahlia Group
Danone Egypt
Dar Al Handasah (Shair and Partners)
Deloitte
Deraya
Edita
Edrak for Edutainment Projects Development
Egyptian Furniture Export Council
Egyptian Group for Medical Devices 
Eli Lilly
El Sewedy Electric Group
EMCÂ² 
Ernst & Young
eSEED
eSkyIT
EVA Pharma 
Export Development Bank of Egypt
Ezz Steel 
Fairmont Heliopolis and Towers
Four Seasons Hotel Cairo at Nile Plaza
GB Auto
GlaxoSmithKline
Halwani Brothers
Hi Wave
HSBC Bank Egypt
IBM 
IST Networks
ITWORX
JLL
Johnson & Johnson
Jotun Egypt
Juhayna
Kantar Health
Kijamii
KONE
LEONI Wiring Systems - Egypt
L'Oreal Egypt
Mars
Matter Branding
Merck
Microsoft 
Multiples
Naeem Holding
Nestle NEAR
Novo Nordisk
Orange
out of z box
PepsiCo
Procter & Gamble Egypt
PROMECH Engineering 
PwC
QNB ALAHLI
qpix solutions
RB
Reliance Egypt
Royal Maxim Palace Kempinski
Schlumberger
Schneider Electric Egypt & North East Africa
Seoudi Investment Group
SFD
Siemens Technologies S.A.E.
SQS Software Quality Systems Egypt
Suez Cement Group -Italcementi
Sumerge Software Solutions
The Nielsen Company
Total Egypt
Travco Properties
Unilever Mashreq
Union Group
Universal Group
Unplugged
Valeo
Vezeeta
Wadi Group

Academic Exhibitors:
Deutscher Akademischer Austauschdienst - German Academic Exchange Service (DAAD)
German Information Center
German University in Cairo
IE Business School
SCAD
Study in Baden-WÃ¼rttemberg
Ulm University
University of Applied Sciences Ulm
University of Stuttgart
University of TÃ¼bingen

Event Organizer:
HI WAVE EVENTS",attending
[Welcome Trip] Ù…Ø·Ù„ÙˆØ¨ Ø³ÙÙŠØ±,"We are therefore Christâ€™s ambassadors, as though God were making his appeal through us. We implore you on Christâ€™s behalf: Be reconciled to God.

Ø¥ÙØ°Ù‹Ø§ Ù†ÙØ³Ù’Ø¹ÙÙ‰ ÙƒÙØ³ÙÙÙØ±ÙØ§Ø¡Ù Ø¹ÙÙ†Ù Ø§Ù„Ù’Ù…ÙØ³ÙÙŠØ­ÙØŒ ÙƒÙØ£ÙÙ†Ù‘Ù Ø§Ù„Ù„Ù‡Ù ÙŠÙØ¹ÙØ¸Ù Ø¨ÙÙ†ÙØ§. Ù†ÙØ·Ù’Ù„ÙØ¨Ù Ø¹ÙÙ†Ù Ø§Ù„Ù’Ù…ÙØ³ÙÙŠØ­Ù: ØªÙØµÙØ§Ù„ÙØ­ÙÙˆØ§ Ù…ÙØ¹Ù Ø§Ù„Ù„Ù‡Ù.

2 Corinthians 5:20 | Ø±Ø³Ø§Ù„Ø© Ø¨ÙˆÙ„Ø³ Ø§Ù„Ø±Ø³ÙˆÙ„ Ø§Ù„Ø«Ø§Ù†ÙŠØ© Ø¥Ù„Ù‰ Ø£Ù‡Ù„ ÙƒÙˆØ±Ù†Ø«ÙˆØ³ 20:5


Parthenians,

Remember your first days with PYF? when you suddenly found yourself in a huge family, meeting all kinds of people, from all ages and every major. All sharing one thing: Love!

It's this time of the year where we engulf our new family members with this love and warmth.

Friday, 7th of November, 2014
We'll be having our first event of this year

PYF WELCOME TRIP: Ù…Ø·Ù„ÙˆØ¨ Ø³ÙÙŠØ±

Place: Oraby El-Obour
Meeting point: St. George's church, Heliopolis
Price: L.E. 90


Reservation Team
===============
34-
George Ihab 01227680305
Michael Morcos 01007134319
Mira Hossam 01281920920
Liza Hany 01002498005
Caroline Benjemine 01224920633
Mina Shokry 01211895919

31-
Natalie Magdy 01271112841
Shady Hany 01285112311
Mina Maher 01228316382
Sylvia Samir 01283433119
Samer Wahid 01111926256
Berbara Nagy 01282579432

28-
Sou-Allen 01143945242
Kiki Ihab 01000222085
Michel Thabet 01229972267

25-
Sylvia Sameh 01282710237
Nevine Farag 01271222246
Fady Zamalkawy 01275662920
Christina Morris 01221401267

22-
Ramy Sherif 01205499005
Minerva Farag 01126603655

Graduates
Mina Michel 01005275540
Sylvia Sawiris 01002829122
Shady Wasfy 01227025780
Mirna Abdelshehid 01222103995
Andrea Sobhy 01004415444

For any inquires you can contact:
George S. Fahmy 01221038883
Maria Joseph 01224663792

If you have any freshmen friends, make sure they add Te Parthenos so that they can be invited to this event!

Get ready, for our family is about to get bigger! :D

Note: If you need a late bus (i.e. a bus going to the Welcome Trip at 1 pm) please report to any of the reservation team, or fill this form http://goo.gl/forms/RUcDyghKP7 :)",attending
Ø¯Ø±Ø¨ Ø§Ù„ØµÙ„ÙŠØ¨ 2018,"Ø¥ÙÙ†ÙÙ‘ÙŠ Ø£ÙØ±ÙÙŠØ¯Ù Ø±ÙØ­Ù’Ù…ÙØ©Ù‹ Ù„Ø§Ù Ø°ÙØ¨ÙÙŠØ­ÙØ©Ù‹ (Ù‡Ùˆ Ù¦:Ù¦)

ØªØ¯Ø¹ÙˆÙƒÙ… ÙƒÙ†ÙŠØ³Ù‡ Ø§Ù„Ø³ÙŠØ¯Ù‡ Ø§Ù„Ø¹Ø°Ø±Ø§Ø¡ Ù…Ø±ÙŠÙ… Ø¨Ø£Ø±Ø¶ Ø§Ù„Ø¬ÙˆÙ„Ù Ù„Ø­Ø¶ÙˆØ± Ø®Ø¯Ù…Ù‡ 
Ø¯Ø±Ø¨ Ø§Ù„ØµÙ„ÙŠØ¨ Ù„Ø¹Ø§Ù… Ù¢Ù Ù¡Ù¨

Ù…ÙˆØ§Ø¹ÙŠØ¯ ØªÙˆØ²ÙŠØ¹ Ø§Ù„ØªØ°Ø§ÙƒØ±:
â€¢Ø§Ù„Ø¬Ù…Ø¹Ù‡ Ù¢Ù£ Ù…Ø§Ø±Ø³ Ø§Ù„Ø³Ø§Ø¹Ù‡ Ù¥ Ù…Ø³Ø§Ø¡Ø§
â€¢Ø§Ù„Ø³Ø¨Øª Ù¢Ù¤ Ù…Ø§Ø±Ø³ Ø§Ù„Ø³Ø§Ø¹Ù‡ Ù¡Ù¢ Ù…Ø³Ø§Ø¡Ø§
â€¢ Ø§Ù„Ø£Ø­Ø¯ Ù¢Ù¥ Ù…Ø§Ø±Ø³ Ø§Ù„Ø³Ø§Ø¹Ù‡ Ù¦ Ù…Ø³Ø§Ø¡Ø§

Ù…ÙˆØ§Ø¹ÙŠØ¯ Ø§Ù„Ø®Ø¯Ù…Ù‡ :
â€¢ Ø§Ù„Ø§Ø±Ø¨Ø¹Ø§Ø¡ Ù¢Ù¨ Ù…Ø§Ø±Ø³
â€¢ Ø§Ù„Ø®Ù…ÙŠØ³ Ù¢Ù© Ù…Ø§Ø±Ø³
â€¢ Ø§Ù„Ø¬Ù…Ø¹Ù‡ Ù£Ù  Ù…Ø§Ø±Ø³ 

Ø³ÙˆÙ ÙŠØªÙ… ÙØªØ­ Ø§Ù„Ø£Ø¨ÙˆØ§Ø¨ Ø§Ù„Ø³Ø§Ø¹Ù‡ Ø§Ù„Ø³Ø§Ø¨Ø¹Ù‡ Ù…Ø³Ø§Ø¡Ø§ ØŒ ÙˆØ³ÙˆÙ ØªØºÙ„Ù‚ Ø§Ù„Ø³Ø§Ø¹Ù‡ Ø§Ù„Ø«Ø§Ù…Ù†Ù‡ Ø¥Ù„Ø§ Ø±Ø¨Ø¹ Ùˆ Ø§Ù„Ø®Ø¯Ù…Ù‡ ØªØ¨Ø¯Ø£ Ø§Ù„Ø³Ø§Ø¹Ù‡ Ø§Ù„Ø«Ø§Ù…Ù†Ù‡ Ù…Ø³Ø§Ø¡Ø§

ØµÙ„ÙˆØ§ Ù„Ù„Ø®Ø¯Ù…Ù‡ ÙˆØ§Ù„Ø±Ø³Ø§Ù„Ù‡ :)

Ø¯Ø±Ø¨ Ø§Ù„ØµÙ„ÙŠØ¨ Ù¢Ù Ù¡Ù¨",attending
The Savior Christmas Carol 2015,"""The magic of Christmas is not in the presents but in our Lord's presence""

Thats why the savior team with great joy would love to invite you to come and praise our Lord and enjoy his presence at our annual Christmas carols that will be held

AT: The british university in Egypt (BUE)
In the opened air so make sure you're warm enough :)

ON: Friday the 19th of Dec.
From: 3:00 pm to 9:00 pm and 

Saturday the 20th of Dec.
From: 4:30 pm ( as some people have work and students have colleges) to 9:00 pm 
( same program on both days)


TICKETS PRICES:

LE 50----> with a seat 
(Limited amount of seats mainly for elders...)
LE 35----> unseated.

Buses will be available at flexible hours from Heliopolis Square to the university and back to heliopolis square for an amount of LE 5 extra charge for both ways. 
( make sure you ask for the bus ticket when buying the carols ticket)

We will announce on the page once the tickets are printed...they will be available at st George church in Heliopolis.

Program on both days includes:

1) kids corner by "" Safe nursery"" that will take professional care of your little ones  from the beginning of the day till 7 pm while you enjoy your time, it offers: 
- free baby sitting for ages 1 upto 8 years old.
-Free face painting
-Games and lots of fun activities throughout the whole day.

2) A variety of delicious snacks, sandwiches and desserts at our food court by ""Bistro"".

3) Photo booth to take memorable pictures with your families and friends by ""Mina Makram"" photography.

4) Plenty of christmas stuff to buy : decorations,  little toys, accessories...etc

5)Saint Georges scout performing a drum line

6) Kids choir.

7) Sketch by "" Action Team"".

8) ""The Savior Team"" carols.

Special thanks to our great sponsors :
*British University in Egypt
* Bistro
* International School of Egypt
* Mina Makram photography
* Safe Nursery

HAVE A VERY MERRY CHRISTMAS :)

@[NjQyMTgzOTU5MjA4MTA3Omh0dHBcYS8vaS5pbnN0YWdyYW0uY29tL3RoZVxic2F2aW9yXGJ0ZWFtLzo6:@[NjQyMTgzOTU5MjA4MTA3Omh0dHBcYS8vaS5pbnN0YWdyYW0uY29tL3RoZVxic2F2aW9yXGJ0ZWFtLzo6:@[NjQyMTgzOTU5MjA4MTA3Omh0dHBcYS8vaS5pbnN0YWdyYW0uY29tL3RoZVxic2F2aW9yXGJ0ZWFtLzo6:@[NjQyMTgzOTU5MjA4MTA3Omh0dHBcYS8vaS5pbnN0YWdyYW0uY29tL3RoZVxic2F2aW9yXGJ0ZWFtLzo6:@[NjQyMTgzOTU5MjA4MTA3Omh0dHBcYS8vaS5pbnN0YWdyYW0uY29tL3RoZVxic2F2aW9yXGJ0ZWFtLzo6:http://i.instagram.com/the_savior_team/]]]]]

@[NjQyMTgzOTU5MjA4MTA3Omh0dHBzXGEvL3d3dy5mYWNlYm9vay5jb20vc2F2aW9ydGVhbTo6:@[NjQyMTgzOTU5MjA4MTA3Omh0dHBzXGEvL3d3dy5mYWNlYm9vay5jb20vc2F2aW9ydGVhbTo6:@[NjQyMTgzOTU5MjA4MTA3Omh0dHBzXGEvL3d3dy5mYWNlYm9vay5jb20vc2F2aW9ydGVhbTo6:@[NjQyMTgzOTU5MjA4MTA3Omh0dHBzXGEvL3d3dy5mYWNlYm9vay5jb20vc2F2aW9ydGVhbTo6:@[NjQyMTgzOTU5MjA4MTA3Omh0dHBzXGEvL3d3dy5mYWNlYm9vay5jb20vc2F2aW9ydGVhbTo6:www.facebook.com/saviorteam]]]]]",attending
Ø¯Ø±Ø¨ Ø§Ù„ØµÙ„ÙŠØ¨ 2017,"Ù„Ø£Ù† Ø§Ù„Ù„Ù‡ Ù‡Ùˆ Ø§Ù„Ø¹Ø§Ù…Ù„ ÙÙŠÙƒÙ… Ø£Ù† ØªØ±ÙŠØ¯ÙˆØ§ ÙˆØ£Ù† ØªØ¹Ù…Ù„ÙˆØ§ Ù…Ù† Ø£Ø¬Ù„ Ø§Ù„Ù…Ø³Ø±Ø© (ÙÙŠ 13:2)

ØªØ¯Ø¹ÙˆÙƒÙ… ÙƒÙ†ÙŠØ³Ø© Ø§Ù„Ø³ÙŠØ¯Ø© Ø§Ù„Ø¹Ø°Ø±Ø§Ø¡ Ù…Ø±ÙŠÙ… Ø¨Ø£Ø±Ø¶ Ø§Ù„Ø¬ÙˆÙ„Ù Ù„Ø­Ø¶ÙˆØ± Ø®Ø¯Ù…Ø© Ø¯Ø±Ø¨ Ø§Ù„ØµÙ„ÙŠØ¨ Ù„Ø¹Ø§Ù…  2017

Ù…ÙˆØ§Ø¹ÙŠØ¯ Ø§Ù„Ø®Ø¯Ù…Ø© :
+ Ø§Ù„Ø£Ø±Ø¨Ø¹Ø§Ø¡  5 Ø§Ø¨Ø±ÙŠÙ„
+ Ø§Ù„Ø®Ù…ÙŠØ³ 6 Ø§Ø¨Ø±ÙŠÙ„
+ Ø§Ù„Ø¬Ù…Ø¹Ø© 7 Ø§Ø¨Ø±ÙŠÙ„ 

Ø³ÙˆÙ ÙŠØªÙ… ÙØªØ­ Ø§Ù„Ø§Ø¨ÙˆØ§Ø¨ Ø§Ù„Ø³Ø§Ø¹Ø© Ø§Ù„Ø³Ø§Ø¨Ø¹Ø© Ù…Ø³Ø§Ø¡Ø§ØŒ Ø³ÙˆÙ ØªØºÙ„Ù‚ Ø§Ù„Ø³Ø§Ø¹Ø© Ø§Ù„Ø«Ø§Ù…Ù†Ø© Ø¥Ù„Ø§ Ø±Ø¨Ø¹ ÙˆØ§Ù„Ø¹Ø±Ø¶ ÙŠØ¨Ø¯Ø£ Ø§Ù„Ø³Ø§Ø¹Ø© Ø§Ù„Ø«Ø§Ù…Ù†Ø© Ù…Ø³Ø§Ø¡Ø§


ØµÙ„Ùˆ Ù…Ù† Ø§Ø¬Ù„ Ø§Ù„Ø®Ø¯Ù…Ø© Ùˆ Ø§Ù„Ø±Ø³Ø§Ù„Ø© ...",attending
GUC SU Orientation 14,"The GUC Orientation is a grand annual event that takes place in the GUC Campus. The event aims to orient each year newcomers in their academic and social life through a full program that includes specialized days for each faculty, along with an open day that serves to bond the freshmen together in their new community.

As for the enrolled GUC students, the waiting is over! The registration of the Team Leaders positions is few hours away. All student are urged to apply for this position, as we guarantee that this year's event is totally fresh and different. If you think that you have what it takes to lead, don't hesitate to fill the application (To be launched within few hours) 

--------------------------------------------------------------------------------------

This year Team Leaders Job Descriptions is as follows:

- Team Leader General Job Description:

1. Set short term goals and targets
2. Recruitment of team members though the interviews phase
3. Evaluate, document and Write reports about team and individual performance
4. Motivate and build the bond between team members
5. Develop and train team members in all needed fields 
6. Manage all sorts of dilemmas


â€¢	Welcoming & Tours Team Leader:

1. Design the tours route and intended goals
2. Manage guests flow from gates to seating area
3. Coordinate the tours timing and punctuality

â€¢	Information Center Team Leader:

1. Design the database for newcomers
2. Ensure full awareness of all team members of all needed information
3. Manage distribution and handling of packages
4. Coordinate the flow between information desks

â€¢	Hosting & Seating Team Leader:

1.	Handle all different situations in the seating area
2. Coordinate the guidance of students to the parents
3. Manage seating of the guests in the seating area
4. Follow the progress of program inside the area

â€¢	Clubs Coordination Team Leader:

1. Coordinate with GUC clubs (active working groups) through the orientation days
2. Design with GUC clubs (active working groups) the program and preparation of the open day
3. Manage all logistics and materials related to the open day

â€¢	Design & Social Media Team Leader:

1. Manage the event page and set its marketing plan
2. Supervise the media coverage through the orientation days and the open day
3. Coordinate with other team leaders to set and finalize the needed designs
4. Produce all students' related videos during the event

-------------------------------------------------------------------------------------

Don't miss the chance to be part of one of the GUC biggest annual events, APPLY NOW!! (Positions and interviews are limited)",attending
Mark & Sarah's Big Day,""" So they are no longer two, but one flesh. Therefore what God has joined together, let no one separate.â€ Matthew 19:6

We are delighted to invite you to our big day celebration in Towers Heliopolis Hotel (Fairmont Heliopolis previously) Pearl Hall.

Our happiness won't be completed without your presence.

We wish your children sweet dreams.",unsure
Mark & Sarah's Wedding Ceremony,""" So they are no longer two, but one flesh. Therefore what God has joined together, let no one separate.â€ Matthew 19:6

We are delighted to invite you to our wedding prayer on Saturday, the 21st of April 2018, in Archangel Michael church at 2:00 PM SHARP !

Our happiness won't be completed without your presence.",attending
Ramy & Nancy @ Renaissance ,,attending
Hany & Sandra's Engagement â¤â¤,"""Two are better than one, because they have a good return for their labor. For if they fall, one will lift up his companion."" Ecclesiastes 4:9-10.

We're pleased to invite you all to our Engagement on Saturday, the 9th of September at 6 PM.
""La Veranda"" Concorde El Salam Hotel .

We hope that you will all be able to share in our special day of joy and celebration. ğŸ‰ğŸ‰
Save The Date ;)",attending
Mark & Sarah's Engagement,"Then the Lord God said, ""It is not good that the man should be alone; I will make him a helper fit for him."" Genesis 2:18

Introducing the future Mr. & Mrs. Mark Iskander,
Please join us to celebrate our Engagement,
that will be held on Friday the 5th of August 2016 at 5:00 PM 
Location: https://maps.google.com/?q=30.105009%2C31.565081

Waiting for you all, our happiness won't be completed without your presence.",attending
âœ¨ Ramez â¤ï¸ Lydia's Big Day âœ¨,"ÙˆÙØ§Ù„Ø¢Ù†Ù Ù‚ÙØ¯Ù Ø§Ø®Ù’ØªÙØ±Ù’ØªÙ ÙˆÙÙ‚ÙØ¯Ù‘ÙØ³Ù’ØªÙ Ù‡Ø°ÙØ§ Ø§Ù„Ù’Ø¨ÙÙŠÙ’ØªÙ Ù„ÙÙŠÙÙƒÙÙˆÙ†Ù Ø§Ø³Ù’Ù…ÙÙŠ ÙÙÙŠÙ‡Ù Ø¥ÙÙ„ÙÙ‰ Ø§Ù„Ø£ÙØ¨ÙØ¯ÙØŒ ÙˆÙØªÙÙƒÙÙˆÙ†Ù Ø¹ÙÙŠÙ’Ù†ÙØ§ÙŠÙ ÙˆÙÙ‚ÙÙ„Ù’Ø¨ÙÙŠ Ù‡ÙÙ†ÙØ§ÙƒÙ ÙƒÙÙ„Ù‘Ù Ø§Ù„Ø£ÙÙŠÙ‘ÙØ§Ù…Ù

We have the pleasure to invite you to our wedding cermony next Thursday 8th September, at Archangel Michael Church - Sheraton

Your presence will really delight our hearts :)

For live streaming :
http://www.michaelsheraton.com/index.php/home

Pray for our little church ..,
Ramez & Lydia",attending
<3 Bassem & Marine Wedding Ceremony <3,"""ÙˆÙØ¬ÙØ¯Ù’ØªÙ Ù…ÙÙ†Ù’ ØªÙØ­ÙØ¨Ù‘ÙÙ‡Ù Ù†ÙÙÙ’Ø³ÙÙŠØŒ ÙÙØ£ÙÙ…Ù’Ø³ÙÙƒÙ’ØªÙÙ‡Ù ÙˆÙÙ„ÙÙ…Ù’ Ø£ÙØ±Ù’Ø®ÙÙ‡Ù"" (Ù†Ø´ÙŠØ¯ Ø§Ù„Ø£Ù†Ø´Ø§Ø¯ 3: 4)

We are honored to invite you to share our Wedding Ceremony on Sunday, 4th of September 2016 at 7.00 Pm at St. Mary & St. Mina Church Madinet Nasr - Emtedad Mostafa Al Nahas Street.

Your Presence wil complete our Happiness :)

Link of Location to the church is https://www.google.com.eg/maps/place/%D9%83%D9%86%D9%8A%D8%B3%D8%A9+%D8%A7%D9%84%D8%B4%D9%87%D9%8A%D8%AF+%D8%A7%D9%84%D8%B9%D8%B8%D9%8A%D9%85+%D9%85%D8%A7%D8%B1%D9%85%D9%8A%D9%86%D8%A7+%D8%A8%D8%B2%D9%87%D8%B1%D8%A7%D8%A1+%D9%85%D8%AF%D9%8A%D9%86%D8%A9+%D9%86%D8%B5%D8%B1%E2%80%AD/@30.0567806,31.3713699,18z/data=!4m5!3m4!1s0x0:0x7f160d50823da780!8m2!3d30.0567784!4d31.3724108 

Ø§Ù„ÙƒÙ†ÙŠØ³Ø© ÙÙŠ Ø§Ù…ØªØ¯Ø§Ø¯ Ø´Ø§Ø±Ø¹ Ù…ØµØ·ÙÙ‰ Ø§Ù„Ù†Ø­Ø§Ø³ ÙÙŠ Ù…Ø¯ÙŠÙ†Ø© Ù†ØµØ±. Ø£ÙˆÙ„ Ù…Ø§ ØªÙ‚Ø§Ø¨Ù„ Ù…Ø¯Ø±Ø³Ø© Ø§Ù„Ù…Ù†Ù‡Ù„ Ø¹Ù„Ù‰ Ø§ÙŠØ¯Ùƒ Ø§Ù„ÙŠÙ…ÙŠÙ† ÙˆØ¨Ø¹Ø¯Ù‡Ø§ Ø¨Ù†Ø²ÙŠÙ†Ø© ØªÙˆØªØ§Ù„ Ù‡ØªØ¯Ø®Ù„ Ø±Ø§Ø¨Ø¹ Ø´Ø§Ø±Ø¹ Ø¨Ø¹Ø¯ Ø§Ù„Ø¨Ù†Ø²ÙŠÙ†Ø© ÙŠÙ…ÙŠÙ† Ø¨Ø¹Ø¯Ù‡Ø§ Ù‡ØªÙ„Ø§Ù‚ÙŠ Ø§Ù„ÙƒÙ†ÙŠØ³Ø© Ø¹Ù„Ù‰ Ø§ÙŠØ¯Ùƒ Ø§Ù„Ø´Ù…Ø§Ù„ ÙÙŠ  Ø£ÙˆÙ„ Ø§Ù„Ø´Ø§Ø±Ø¹ Ø¯Ù‡.

Ø¨Ù±Ø³Ù… Ø§Ù„Ø±Ø¨ Ù…ØªØ¬Ù…Ø¹ÙŠÙ† Ùˆ Ø¯Ø§Ø¡Ù…Ø§ ÙØ±Ø­ÙŠÙ†ØŒ Ø´Ø§ÙƒØ±ÙŠÙ† ÙƒÙ„ Ø­ÙŠÙ† Ùˆ Ø¨ÙˆØ¬ÙˆØ¯ÙƒÙ… Ù…ÙƒØªÙ…Ù„ÙŠÙ†",attending
Mina â¤ Veronia Being ONE â¤,"""ÙˆÙØ§Ù„Ø¢Ù†Ù Ù‚ÙØ¯Ù Ø§Ø®Ù’ØªÙØ±Ù’ØªÙ ÙˆÙÙ‚ÙØ¯Ù‘ÙØ³Ù’ØªÙ Ù‡Ø°ÙØ§ Ø§Ù„Ù’Ø¨ÙÙŠÙ’ØªÙ Ù„ÙÙŠÙÙƒÙÙˆÙ†Ù Ø§Ø³Ù’Ù…ÙÙŠ ÙÙÙŠÙ‡Ù Ø¥ÙÙ„ÙÙ‰ Ø§Ù„Ø£ÙØ¨ÙØ¯ÙØŒ ÙˆÙØªÙÙƒÙÙˆÙ†Ù Ø¹ÙÙŠÙ’Ù†ÙØ§ÙŠÙ ÙˆÙÙ‚ÙÙ„Ù’Ø¨ÙÙŠ Ù‡ÙÙ†ÙØ§ÙƒÙ ÙƒÙÙ„Ù‘Ù Ø§Ù„Ø£ÙÙŠÙ‘ÙØ§Ù…Ù."" (Ø§Ø®Ø¨Ø§Ø± Ø§Ù„Ø§ÙŠØ§Ù… Ø§Ù„Ø«Ø§Ù†ÙŠ 16:7)
""For now have I chosen and sanctified this house, that my name may be there for ever: and mine eyes and mine heart shall be there perpetually."" (2nd Chronicles 7:16 )

At The Night We Celebrating Building our New Little Church :) , WE Will be honored sharing this Moment with Everyone of you as a part of Our Family :D  
Our Happiness wont be completed without YOU <3

ÙØ±Ø­ØªÙ†Ø§ Ù…Ø´ Ù‡ØªÙƒÙ…Ù„ ØºÙŠØ± Ø¨ÙˆØ¬ÙˆØ¯ ÙƒÙ„ ÙˆØ§Ø­Ø¯ Ù…Ù†ÙƒÙ… :) Ù…Ø³ØªÙ†ÙŠÙ†ÙƒÙ… ÙŠÙˆÙ… Ø§Ù„Ø®Ù…ÙŠØ³ 14-7-2016 Ø§Ù„Ø³Ø§Ø¹Ø© 7 Ù…Ø³Ø§Ø¡ ÙÙŠ ÙƒÙ†ÙŠØ³Ø© Ø§Ù„Ù…Ù„Ø§Ùƒ Ù…ÙŠØ®Ø§Ø¦ÙŠÙ„- Ø´ÙŠØ±Ø§ØªÙˆÙ† :) 

SAVE THE DATE AND DONT BE LATE ;)",attending
FADY & MIRA are getting MARRIED \o/ \o/,"It's finally happening!!
Please save the date to share the joy and complete our happiness by your presence.
Next Thursday
25th of February 2016
08:00 PM
St. Mark's Church - Cleopatra, Heliopolis.",attending
The Christmas Festival 2016,"The Christmas Spirit is allover the town, Bells are Ringing, Santa is calling, Joy and happiness are easily guaranteed in this time of the year, Come and bring your beloved ones to witness a Festival where everything is all about Christmas.

ÙŠÙ„Ø§ Ù†Ø­ØªÙÙ„ Ø¨Ø§Ù„ÙƒØ±ÙŠØ³Ù…Ø§Ø³ Ø§Ù„Ø³Ù†Ù‡ Ø¯Ù‰ Ù…Ø¹ Ø¨Ø¹Ø¶ Ø¨Ø´ÙƒÙ„ Ù…Ø®ØªÙ„Ù...Ù‡Ù†Ø³Ù…Ø¹ Ù…Ø²ÙŠÙƒØ§ Ùˆ Ù‡Ù†ØºÙ†Ù‰ Ùˆ Ù‡Ù†Ù„Ø¹Ø¨ Ùˆ Ø³Ø§Ù†ØªØ§ Ù‡ÙŠÙˆØ²Ø¹ Ù‡Ø¯Ø§ÙŠØ§...ÙŠÙ„Ø§ ØªØ¹Ø§Ù„Ù‰ Ùˆ Ù‡Ø§Øª ÙƒÙ„ Ø£ØµØ­Ø§Ø¨Ùƒ Ùˆ ÙƒÙ„ Ø§Ù„Ù„Ù‰ Ø¨ØªØ­Ø¨Ù‡Ù… Ø¹Ø´Ø§Ù† Ù†Ù‚Ø¶Ù‰ ÙŠÙˆÙ… Ù…Ø®ØªÙ„Ù Ùˆ Ø¬Ù…ÙŠÙ„ Ù…Ø¹ Ø¨Ø¹Ø¶ ÙÙ‰ ÙÙ†Ø¯Ù‚ Ù„Ùˆ Ø¨Ø§Ø³Ø§Ø¬ Ø§Ù„Ù…Ø·Ø§Ø± ÙŠÙˆÙ… 18/12/2015 Ù…Ù† Ø§Ù„Ø³Ø§Ø¹Ø© 12 Ø§Ù„Ø¶Ù‡Ø± Ù„Ø­Ø¯ 11 Ø¨Ù„ÙŠÙ„ 

.for Tickets call 16826
.for  Bazar reservation call 0100 126 2796 - 01228223564
.for sponsoring the event call - 01099946220
Ù„Ù„ØªØ°Ø§ÙƒØ± Ø£ØªØµÙ„ Ø¨ 16826
Ù„Ø­Ø¬Ø² ØªØ±Ø¨ÙŠØ²Ø§Øª Ø§Ù„Ø¨Ø§Ø²Ø§Ø± Ø£ØªØµÙ„ Ø¨ -01228223564- 01001262796
Ù„Ù„Ø±Ø¹Ø§Ù‡ Ø£ØªØµÙ„ Ø¨ - 01099946220- 

Day's Program:
-Christmas Bazaar 
-Inflatable games ""for Adults & Kids"" 
-Food and bevarage ""all day long""
-Kids Area 
-Christmas customized PhotoBooth 
-Talent Shows 
- Christmas Carols Kids choire 
-Santa show 
- Groovers Band
-Live Christmas Music Show By ""7araket Watar"" 
-The main Chrstmas carols by ""Khaltabeeta Band"" 
-Tambola for really valuable prizes offered by our sponsors ;) 

Ø¨Ø±Ù†Ø§Ù…Ø¬ Ø§Ù„ÙŠÙˆÙ…:
-ÙƒØ±ÙŠØ³Ù…Ø§Ø³ Ø¨Ø§Ø²Ø§Ø±
-Ø£Ù„Ø¹Ø§Ø¨ Ù„ÙƒÙ„ Ø§Ù„Ø£Ø¹Ù…Ø§Ø±
-Ù…Ø£ÙƒÙˆÙ„Ø§Øª Ùˆ Ù…Ø´Ø±ÙˆØ¨Ø§Øª Ù…Ù† Ø®Ù„Ø§Ù„ Ø§Ù„ÙÙ†Ø¯Ù‚
-Ù…Ù†Ø·Ù‚Ø© Ù„Ù„Ø£Ø·ÙØ§Ù„
-ØªØµÙˆÙŠØ± Ø¨Ù…Ù„Ø§Ø¨Ø³ Ø§Ù„ÙƒØ±ÙŠØ³Ù…Ø§Ø³
-Ø¹Ø±ÙˆØ¶ Ù„Ù„Ù…ÙˆØ§Ù‡Ø¨
-ÙØ±ÙŠÙ‚ Ø§Ù„Ø£Ø·ÙØ§Ù„
- Ø¨Ø§Ø¨Ø§ Ù†ÙˆÙŠÙ„
-Ù…Ø²ÙŠÙƒØ§ ÙØ±ÙŠÙ‚ Ø­Ø±ÙƒØ© ÙˆØªØ±
- ÙØ±ÙŠÙ‚ Ø®Ù„Ø·Ø© Ø¨ÙŠØªØ§
-ØªÙ…Ø¨ÙˆÙ„Ø© Ø¹Ù„Ù‰ Ø¬ÙˆØ§ÙŠØ² Ù‚ÙŠÙ…Ø© Ø¬Ø¯Ø§ 

TICKETS are now AVAILABLE via TicketsMarche
TICKET PRICE: 40 LE ONLY 

Ø§Ù„ØªØ°Ø§ÙƒØ± Ù…ØªÙˆÙØ±Ø© Ø§Ù„Ø£Ù† Ù…Ù† Ø®Ù„Ø§Ù„ Ø´Ø±ÙƒØ© (ØªÙŠÙƒØªØ³ Ù…Ø§Ø±Ø´ÙŠÙ‡)
Ø³Ø¹Ø± Ø§Ù„ØªØ°ÙƒØ±Ø© 40 Ø¬Ù†ÙŠÙ‡ ÙÙ‚Ø·

 you can visit a ticket outlet near you:
Ø§Ù„Ø£Ù…Ø§ÙƒÙ† Ø§Ù„Ù…ÙˆØ¬ÙˆØ¯ Ø¨Ù‡Ø§ Ø§Ù„ØªØ°Ø§ÙƒØ±
CAIRO

HELIOPOLIS
-""Manoucheh"" 36 Abu Bakr El Seddik St., Safir square

-Ticketsmarche Office*  127 El Merghani St

-""Toy World""  9 Khaled Ibn ElWalid St., next to Saudi Market, Sheraton
Ù…ØµØ± Ø§Ù„Ø¬Ø¯ÙŠØ¯Ø©

Ù…Ø·Ø¹Ù… Ù…Ù†Ù‚ÙˆØ´Ø© - 36 Ø´Ø§Ø±Ø¹ Ø£Ø¨Ùˆ Ø¨ÙƒØ± Ø§Ù„ØµØ¯ÙŠÙ‚ - Ù…ÙŠØ¯Ø§Ù† Ø³ÙÙŠØ±

* Ù…ÙƒØªØ¨ ØªÙŠÙƒØªØ³ Ù…Ø§Ø±Ø´ÙŠÙ‡ - 127 Ø´Ø§Ø±Ø¹ Ø§Ù„Ù…ÙŠØ±ØºÙ†ÙŠ 

ØªÙˆÙŠ ÙˆÙˆØ±Ù„Ø¯ - 9 Ø´Ø§Ø±Ø¹ Ø®Ø§Ù„Ø¯ Ø¨Ù† Ø§Ù„ÙˆÙ„ÙŠØ¯ - Ø¨Ø¬ÙˆØ§Ø± Ø³Ø¹ÙˆØ¯ÙŠ Ù…Ø§Ø±ÙƒØª - Ø§Ù„Ø´ÙŠØ±Ø§ØªÙˆÙ† 
---------------------------------------------

NASR CITY
-""Manoucheh"" 34 El Batrawy St, Infront of Geneina Mall

-""Manoucheh"" City Stars, Food court, Phase 2

-""Toy World"" City Stars, Phase I, in front of Gate 3, next to Istikbal
Ù…Ø¯ÙŠÙ†Ø© Ù†ØµØ±
 Ù…Ø·Ø¹Ù… Ù…Ù†Ù‚ÙˆØ´Ø© - 34 Ø´Ø§Ø±Ø¹ Ø§Ù„Ø¨Ø·Ø±Ø§ÙˆÙŠ Ø£Ù…Ø§Ù… Ø¬Ù†ÙŠÙ†Ø© Ù…ÙˆÙ„

Ù…Ø·Ø¹Ù… Ù…Ù†Ù‚ÙˆØ´Ø© - Ø³ÙŠØªÙŠ Ø³ØªØ§Ø±Ø² - Ù…Ù†Ø·Ù‚Ø© Ø§Ù„Ù…Ø·Ø§Ø¹Ù… - Ø§Ù„Ù…Ø±Ø­Ù„Ø© Ø§Ù„Ø«Ø§Ù†ÙŠØ©

ØªÙˆÙŠ ÙˆÙˆØ±Ù„Ø¯ - Ø³ÙŠØªÙŠ Ø³ØªØ§Ø±Ø² Ø§Ù„Ù…Ø±Ø­Ù„Ø© Ø§Ù„Ø£ÙˆÙ„Ù‰ Ø£Ù…Ø§Ù… Ø¨ÙˆØ§Ø¨Ø© 3 Ø¨Ø¬Ø§Ù†Ø¨ Ø¥Ø³ØªÙ‚Ø¨Ø§Ù„
---------------------------------------------

EL TAGAMOO' EL KHAMES
-""Dina Cantina"" Sky Mall

-""Dina Cantina"" Downtown Mall, Ground floor, store #13, Building S1

-""TBS"" Inside Katameya Heights, next to Metro Market

-""Toy World"" Cairo Festival City, in front of Carrefour
Ø§Ù„ØªØ¬Ù…Ù‘ÙØ¹ Ø§Ù„Ø®Ø§Ù…Ø³
Ø¯ÙŠÙ†Ø§ ÙƒØ§Ù†ØªÙŠÙ†Ø§ - Ø³ÙƒØ§ÙŠ Ù…ÙˆÙ„

Ø¯ÙŠÙ†Ø§ ÙƒØ§Ù†ØªÙŠÙ†Ø§ - Ø¯Ø§ÙˆÙ† ØªØ§ÙˆÙ† Ù…ÙˆÙ„ - Ù…Ø­Ù„ Ø±Ù‚Ù… 14 Ù…Ø¨Ù†Ù‰ S1 

ØªÙŠ Ø¨ÙŠ Ø§Ø³ - Ø¯Ø§Ø®Ù„ Ù‚Ø·Ù‘Ø§Ù…ÙŠØ© Ù‡Ø§ÙŠØªØ³ Ø¨Ø¬ÙˆØ§Ø± Ù…ØªØ±Ùˆ Ù…Ø§Ø±ÙƒØª

ØªÙˆÙŠ ÙˆÙˆØ±Ù„Ø¯ - ÙƒØ§ÙŠØ±Ùˆ ÙØ³ØªÙŠÙØ§Ù„ Ø³ÙŠØªÙŠ - Ø§Ù…Ø§Ù… ÙƒØ§Ø±ÙÙˆØ±
-------------------------------------------- 
 EL REHAB
-""Manoucheh"" Rehab Mall 2

-""TBS""  Infront of El Rehab Gate 6
Ø§Ù„Ø±Ø­Ø§Ø¨
Ù…Ø·Ø¹Ù… Ù…Ù†Ù‚ÙˆØ´Ø© - Ø§Ù„Ø±Ø­Ø§Ø¨ Ù…ÙˆÙ„ 2

ØªÙŠ Ø¨ÙŠ Ø§Ø³ - Ø£Ù…Ø§Ù… Ø¨ÙˆØ§Ø¨Ø© 6 Ø§Ù„Ø±Ø­Ø§Ø¨
-------------------------------------------

DOKKI
-""TBS"" 3 Mekka St.
Ø§Ù„Ø¯ÙÙ‚ÙŠ
ØªÙŠ Ø¨ÙŠ Ø§Ø³ - 3 Ø´Ø§Ø±Ø¹ Ù…ÙƒÙ‘Ø©
 -------------------------------------------

DOWNTOWN
-""Kotob Khan Bookstore"" 1 Abu Bakr Khairat St, off Al Sherefien St. Behind Egypt Stock Exchange

-The Greek Campus"" 28 Falaki St.
ÙˆØ³Ø· Ø§Ù„Ø¨Ù„Ø¯
Ø§Ù„ÙƒØªØ¨ Ø®Ø§Ù† - Ù¡ Ø´Ø§Ø±Ø¹ Ø§Ø¨Ùˆ Ø¨ÙƒØ± Ø®ÙŠØ±Øª Ù…ØªÙØ±Ø¹ Ù…Ù† Ø´Ø§Ø±Ø¹ Ø§Ù„Ø´Ø±ÙŠÙÙŠÙ† Ø®Ù„Ù ÙÙ†Ø¯Ù‚ Ø§Ù„ÙƒÙˆØ²Ù…ÙˆØ¨ÙˆÙ„ÙŠØªØ§Ù† Ø§Ù„Ø¹Ù„Ø§Ù…Ø© Ø§Ù„Ù…Ù…ÙŠØ²Ø© Ù„Ù„Ù…ÙƒØ§Ù† Ø®Ù„Ù Ø§Ù„Ø¨ÙˆØ±ØµØ© Ø§Ù„Ù…ØµØ±ÙŠØ© 

Ø§Ù„Ø¬Ø±ÙŠÙƒ ÙƒØ§Ù…Ø¨Ø³ - 28 Ø´Ø§Ø±Ø¹ Ø§Ù„ÙÙ„ÙƒÙŠ 
-------------------------------------------- 
 
6TH OF OCTOBER
--Toy World Mall of Arabia (Gate 4 or 5)
Ø£ÙƒØªÙˆØ¨Ø± 
ØªÙˆÙŠ ÙˆÙˆØ±Ù„Ø¯ - Ù…ÙˆÙ„ Ø§Ù„Ø¹Ø±Ø¨ - Ø¨ÙˆØ§Ø¨Ø© 4 Ø£Ùˆ 5
 
ABU RAWASH
-Manoucheh Smart Village, Raya view building, opposite to Vodafone
Ø£Ø¨Ùˆ Ø±ÙˆÙ‘Ø§Ø´
Ù…Ø·Ø¹Ù… Ù…Ù†Ù‚ÙˆØ´Ø© - Ø§Ù„Ù‚Ø±ÙŠØ© Ø§Ù„Ø°ÙƒÙŠØ© Ø£Ù…Ø§Ù… ÙÙˆØ¯Ø§ÙÙˆÙ†

EL SHEIKH ZAYED
-""Manoucheh"" Americana Plaza, next to TGI Fridays
Ø§Ù„Ø´ÙŠØ® Ø²Ø§ÙŠØ¯
Ù…Ø·Ø¹Ù… Ù…Ù†Ù‚ÙˆØ´Ø© - Ø£Ù…Ø±ÙŠÙƒØ§Ù†Ø§ Ø¨Ù„Ø§Ø²Ø§ Ø¨Ø¬ÙˆØ§Ø± ØªÙŠ Ø¬ÙŠ Ø§ÙŠ ÙØ±Ø§ÙŠØ¯ÙŠØ²
---------------------------------------------- 

MAADI
-All in One
(Smoking Shop) 75 Rd. #9

-All in One
(Smoking Shop)20 Rd. #233, in front of Metro Market

-""Kotob Khan Bookstore"" 13 ST 254 Degla - New Maadi, Next to Samia Alouba GYM and Total shop

-""Manoucheh"" 49 Rd. 9
Ø§Ù„Ù…Ø¹Ø§Ø¯ÙŠ
Ø£ÙÙˆÙ„ Ø¥ÙÙ† ÙˆØ§Ù† - 75 Ø´Ø§Ø±Ø¹ 9

Ø£ÙÙˆÙ„ Ø¥ÙÙ† ÙˆØ§Ù† - 20 Ø´Ø§Ø±Ø¹ 233 Ø£Ù…Ø§Ù… Ø³ÙˆØ¨Ø±Ù…Ø§Ø±ÙƒØª Ù…ØªØ±Ùˆ

Ø§Ù„ÙƒØªØ¨ Ø®Ø§Ù† - 13 Ø´Ø§Ø±Ø¹ 254 Ø¯Ø¬Ù„Ø© Ù…Ø¹Ø§Ø¯ÙŠ Ø¨Ø¬Ø§Ù†Ø¨ Ø¬ÙŠÙ… Ø³Ø§Ù…ÙŠØ© Ø¹Ù„ÙˆØ¨Ø© ÙˆØªÙˆØªØ§Ù„ Ø´ÙˆØ¨

Ù…Ø·Ø¹Ù… Ù…Ù†Ù‚ÙˆØ´Ø© - 49 Ø´Ø§Ø±Ø¹ 9
-----------------------------------------------
 
MOHANDESEEN
-""Manoucheh"" 4 Al Thimar St. Off Batal Ahmed Abdel Aziz (Infront of KFC)

-""Toy World""  116 Mohy El-Din st.
Ø§Ù„Ù…Ù‡Ù†Ø¯Ø³ÙŠÙ†
Ù…Ø·Ø¹Ù… Ù…Ù†Ù‚ÙˆØ´Ø© - 4 Ø´Ø§Ø±Ø¹ Ø§Ù„Ø«Ù…Ø§Ø± Ù…Ù† Ø´Ø§Ø±Ø¹ Ø§Ù„Ø¨Ø·Ù„ Ø£Ø­Ù…Ø¯ Ø¹Ø¨Ø¯ Ø§Ù„Ø¹Ø²ÙŠØ² (Ø£Ù…Ø§Ù… ÙƒÙ†ØªØ§ÙƒÙŠ)

ØªÙˆÙŠ ÙˆÙˆØ±Ù„Ø¯ - 116 Ø´Ø§Ø±Ø¹ Ù…Ø­ÙŠ Ø§Ù„Ø¯ÙŠÙ†
 ----------------------------------------------

ZAMALEK
-All in One
(Smoking Shop) 9 El Barazil St, Zamalek

-""TBS"" 4 D El Gezira Street, Zamalek
Ø§Ù„Ø²Ù…Ø§Ù„Ùƒ
Ø£ÙÙˆÙ„ Ø¥ÙÙ† ÙˆØ§Ù† - 9 Ø´Ø§Ø±Ø¹ Ø§Ù„Ø¨Ø±Ø§Ø²ÙŠÙ„ - Ø§Ù„Ø²Ù…Ø§Ù„Ùƒ

ØªÙŠ Ø¨ÙŠ Ø§Ø³ - 4 Ø¯ Ø´Ø§Ø±Ø¹ Ø§Ù„Ø¬Ø²ÙŠØ±Ø© - Ø§Ù„Ø²Ù…Ø§Ù„Ùƒ
----------------------------------------------

ALEXANDRIA
 
RAML STATION
-""TBS"" 52 Foad St., Inside L Passage

SMOUHA
-""Waffle Maker"" 3 Victor emanuel St. in front of Smouha Club

Ø§Ù„Ø¥Ø³ÙƒÙ†Ø¯Ø±ÙŠØ©

Ù…Ø­Ø·Ø© Ø§Ù„Ø±Ù…Ù„
ØªÙŠ Ø¨ÙŠ Ø§Ø³ - 52 Ø´Ø§Ø±Ø¹ ÙØ¤Ø§Ø¯ Ø¯Ø§Ø®Ù„ Ø§Ù„ Ø¨Ø§Ø³Ø§Ø¬ Ù…ÙˆÙ„

Ø³Ù…ÙˆØ­Ø©
ÙˆØ§ÙÙ„ Ù…ÙŠÙƒØ± - 3 Ø´Ø§Ø±Ø¹ ÙÙŠÙƒØªÙˆØ± Ø§Ù…Ø§Ù†ÙˆÙŠÙ„ Ø£Ù…Ø§Ù… Ù†Ø§Ø¯ÙŠ Ø³Ù…ÙˆØ­Ø©
----------------------------------------------
ISMAILIA 
-""Dream Travel"" 9 Abu Baker El Seddik St., behind El Ahly Bank 

Ø§Ù„Ø¥Ø³Ù…Ø§Ø¹ÙŠÙ„ÙŠØ©

Ø¯Ø±ÙŠÙ… ØªØ±Ø§ÙÙÙ„ - 9 Ø´Ø§Ø±Ø¹ Ø£Ø¨Ùˆ Ø¨ÙƒØ± Ø§Ù„ØµØ¯ÙŠÙ‚ - Ø®Ù„Ù Ø§Ù„Ø¨Ù†Ùƒ Ø§Ù„Ø£Ù‡Ù„ÙŠ
--------------------------------------------------------------------------------------
-also You can book your tickets online through this link (http://bit.ly/1lsJLKI) 

- For more info call Ticketsmarche (16826) from 10AM - 10PM
MERRY CHRISTMAS EVERYONE :) 
Ù„Ù„Ø£Ø³ØªÙØ³Ø§Ø± Ø§ØªØµÙ„ Ø¨ ØªÙŠÙƒØªØ³ Ù…Ø§Ø±Ø´ÙŠÙ‡ Ø¹Ù„Ù‰ 16826 Ù…Ù† 10 ØµØ¨Ø§Ø­Ø§ Ø­ØªÙ‰ 10 Ù…Ø³Ø§Ø¡Ø§
Ùˆ ÙƒÙ„ Ø³Ù†Ù‡ Ùˆ Ø§Ù†ØªÙˆ Ø·ÙŠØ¨ÙŠÙ†
.for More Info   call  - 01099946220
.for Tickets call  16826
.for  Bazar reservation  call 0100 126 2796 - 01228223564
Ù„Ù…Ø¹Ù„ÙˆÙ…Ø§Øª Ø§ÙƒØ«Ø± Ø§ØªØµÙ„ Ø¹Ù„ÙŠ    01099946220
Ù„Ù„ØªØ°Ø§ÙƒØ± Ø£ØªØµÙ„ Ø¨           16826
Ù„Ø­Ø¬Ø² ØªØ±Ø¨ÙŠØ²Ø§Øª Ø§Ù„Ø¨Ø§Ø²Ø§Ø± Ø£ØªØµÙ„ Ø¨     -01228223564- 01001262796",unsure
"GUC COMPLAINT  "" Lack of parking spaces + Opening gate 2 for students""","If you are a GUCian who comes to campus by car and is fed of spending more than 30 minutes each day to find a parking spot for you car that is reasonably near the acessible gates as well as not having enough open gates for students. 
This is a formal complaint that is going to be presented to the customerâ€™s service department in university to complain about the current parking situation, demand a fast solution for it, and request the opening of gate two for students. 
If you agree with the following complaint  here is what you need to do:

1- Please take the time to sign this petition by clicking on this link  -------->>>>>>>>
https://docs.google.com/forms/d/1eFoa5uDOnhAUFP9mlpvOBvtNbV4mcgPUAu3qYUY3Tq8/viewform
(Pressing ""Going"" on the event DOESN'T COUNT , you signiture is only counted when you FILL THE ONLINE FORM IN THE ABOVE LINK)

2- Invite your friends

3- Share the event on ur timeline

PS: You guys need to fill the online form above , likes and RSVPs alone don't count

The complaint goes as follows, 
""To whom it may concern this petition is presented to you on behalf of the students who signed it to object on the current parking situation in university. Since last year's tragic incident that resulted in the death of our colleague Yara Tarek, the university took decisions concerning the redistribution of the buses to avoid the occurrence of such accidents in the future; the decisions that were taken completely disregarded other factors such as car parking spaces. Because of the decrease in the area of parking, the remaining area dedicated for the studentsâ€™ cars does not even cover quarter of the number of the enrolled students with cars and as a result the students have to park outside the university campus. This, in turn, makes the students walk long distances to and from their classes. In fact, the further students park from an open gate, the longer they walk outside the university's campus and the more their safety is threatened as they become at risk of harassment, robbery, or even car theft in some cases. In addition, some students in majors such as Architecture or Applied arts carry a lot of tools or models, and walking long distances carrying these tools and models is very hard and tiring; first, because of the distance and second, because of the sloped topography of the land. In light of the apparently threatening and unpleasant situation, we urge you to take action concerning the highlighted issues by finding a fast solution for the parking situation in order to improve the studentsâ€™ campus lives and decrease the threats that accompany parking outside of campus. Until the improvement of the parking situation we request the opening of gate 2 for students; the gate is already open with security personnel it only lacks electronic gates. Opening gate 2 for students will reduce the distance that they have to walk especially if they have parked in the street between Arabella compound and the university. The distance between gates 1 and 4, which are already open for students, is about 626 meters long, according to google earth; that is more than half a kilometer of sloped ground that does not have any gates in between to serve as access. Consequently, opening gate 2 for students will make life easier for many of us who take classes in the B or the C buildings, as well as reduce the distance for those of us who take classes in the D building who already walk a very long distance inside of campus. In the end, we would like to thank you for receiving our complaints and suggestions and hope that you will consider them at the nearest convenience.""
If you support this petition you are kindly requested to fill the following information so that the list of signatures is presented alongside the complaint.",attending
Lydia et Ramez seront engagÃ©s <3,"Ø£ÙØ®Ù’Ø·ÙØ¨ÙÙƒÙ Ù„ÙÙ†ÙÙÙ’Ø³ÙÙŠ Ø¥ÙÙ„ÙÙ‰ Ø§Ù„Ø£ÙØ¨ÙØ¯Ù ..... Ø³ÙØ± Ù‡ÙˆØ´Ø¹ 2: 19

I have found the one whom my soul loves.
- Song of Solomon 3:4

A soul mate is someone who has locks that fit our keys, and keys to fit our locks. Each unveils the best part of the other. No matter what else goes wrong around us, with that one person weâ€™re safe in our own paradise.

Our soul mate is someone who shares our deepest longings, our sense of direction.

Our soul mate is the one who makes life come to life.

live streaming :
http://www.stmarkos.org/stmarkos/index.php?option=com_content&view=article&id=547&Itemid=248&lang=ar

Thank you for sharing our day!
We will wait you at saint mark church (cleopatra)

Ramez & Lydia :)",attending
No it's not April's fool :D,"We're getting marriedddddddd WOHOOOOOOO :D

We can't celebrate our union as husband and wife without each and everyone of you with us. SAVE THE DATE: April 25, 2015 

NO excuses!! Your presence will complete our joy :D

If you are abroad and can't make it to our big day, please send us a small video message.",attending
Mina & Haidy's great day,"Ù„ÙÙŠÙÙƒÙÙˆÙ†Ù ÙÙÙŠÙ‡ÙÙ…Ù Ø§Ù„Ù’Ø­ÙØ¨Ù‘Ù Ø§Ù„Ù‘ÙØ°ÙÙŠ Ø£ÙØ­Ù’Ø¨ÙØ¨Ù’ØªÙÙ†ÙÙŠ Ø¨ÙÙ‡ÙØŒ ÙˆÙØ£ÙÙƒÙÙˆÙ†Ù Ø£ÙÙ†ÙØ§ ÙÙÙŠÙ‡ÙÙ…Ù’"" (Ø¥Ù†Ø¬ÙŠÙ„ ÙŠÙˆØ­Ù†Ø§ 17: 26)
Ù…Ø³ØªÙ†ÙŠÙ†ÙƒÙˆ  ÙƒÙ„ÙƒÙˆ ØªØ´Ø§Ø±ÙƒÙˆÙ†Ø§ ÙØ±Ø­ØªÙ†Ø§ Ø¨Ø­Ø¶ÙˆØ±ÙƒÙ… ÙØ±Ø­Ù†Ø§ ÙŠÙˆÙ… Ø§Ù„Ø®Ù…ÙŠØ³ 5-2-2015 Ø§Ù„Ø³Ø§Ø¹Ø© 9 Ù…Ø³Ø§Ø¡Ø§ ÙÙŠ ÙƒÙ†ÙŠØ³Ø© Ø§Ù„Ø¹Ø°Ø±Ø§Ø¡ Ø§Ø±Ø¶ Ø§Ù„Ø¬ÙˆÙ„Ù Ø­Ø¶ÙˆØ± ÙƒÙ„ ÙˆØ§Ø­Ø¯ ÙÙŠÙƒÙˆ Ù‡ÙŠÙØ±Ù‚ Ù…Ø¹Ø§Ù†Ø§ Ø¬Ø¯Ø§Ø§
we are waiting for u all to be a part of our happiness celebrating the start of  our  life together being one in JESUS on Thursday  5-2-2015  in St Mary ard el golf  at 9:00 pm",attending
We Gonna Be One :) ( Sandra & Rafek's Wedding ) <3 ++,"""God has led two lives to take one path""

Because you have shared in our lives by your friendship and love we joyfully invite you to our wedding ceremony on the 15th of November 2014 at 7:00 PM at St. Mary & St. Athanasios Church,Nasr City
 as we celebrate the beginning of our new life together :)
Our happiness won't be complete without you!",attending
Christ deals,"we are honored and blessed to be having Bishop Makar in our next meeting to talk with us about how does Jesus Christ deal with us in our daily life.

Come and bring your friends.",attending
Peter & Randa's BIGGEST DAY :),"We first met in Johannesburg,
Our hearts touched in Kampala,
I proposed in Cairo,
and She accepted to start her life with me in Dubai.

We might not know where our ship is going to sail next,
Yet we know it's gonna be a safe, joyful & prosperous ride in God's hands, who will crown our wedding on:
October 4th, 2014 @ 3 p.m.
At St.Mary & St.Athnasious Church, Nasr City

We request the honor of your presence to share these precious holy moments with us.

Our BIG DAY will never be BIG ENOUGH without you :)

Keep us in your prayers",attending
Fady & Mira Engagement,"In you, I've found the love of my life. I'll try everyday to be worthy for your love. And I promise to buy taller shoes so you can wear heels. :D 

Ù„Ø°Ù„Ùƒ ÙŠØ´Ø±ÙÙ†Ø§ Ø¯Ø¹ÙˆÙ‡ Ø³ÙŠØ§Ø¯ØªÙƒÙ… Ù„Ø­Ø¶ÙˆØ± ØµÙ„Ø§Ù‡ Ø§Ù„Ø®Ø·ÙˆØ¨Ù‡ Ø¨ÙƒÙ†ÙŠØ³Ù‡ Ù…Ø§Ø±Ù…Ø±Ù‚Ø³ ÙƒÙŠÙ„ÙˆØ¨Ø§ØªØ±Ø§ ÙÙ‰ ØªÙ…Ø§Ù… Ø§Ù„ØªØ§Ø³Ø¹Ù‡ Ù…Ø³Ø§Ø¡Ø§ Ø¨ØªÙˆÙ‚ÙŠØª Ù…ØµØ± Ø§Ù„Ø¬Ø¯ÙŠØ¯Ù‡
Ù…Ø³ØªÙ†ÙŠÙ†ÙƒÙ… ÙƒÙ„ÙƒÙ… ÙˆÙØ§Ø±Ù‚ Ù…Ø¹Ø§Ù†Ø§ Ø¬Ø¯Ø§ Ø­Ø¶ÙˆØ±ÙƒÙ… :)",attending
